frequency_hz,differential_gain,common_to_differential_gain
1.000000000000000056e-01,9.999799917657939963e-01,4.007546272285824463e-05
1.059253725177288913e-01,9.999799907122629561e-01,4.008505032171165487e-05
1.122018454301963591e-01,9.999799895301817454e-01,4.009580502610056495e-05
1.188502227437018277e-01,9.999799882038653553e-01,4.010786853278652423e-05
1.258925411794167282e-01,9.999799867157136424e-01,4.012139964584016816e-05
1.333521432163324028e-01,9.999799850459802908e-01,4.013657631510458330e-05
1.412537544622754215e-01,9.999799831725089128e-01,4.015359791636655102e-05
1.496235656094433430e-01,9.999799810704401715e-01,4.017268778928688287e-05
1.584893192461113431e-01,9.999799787118806016e-01,4.019409606871128320e-05
1.678804018122560249e-01,9.999799760655337932e-01,4.021810284102253616e-05
1.778279410038922925e-01,9.999799730962845024e-01,4.024502165117894921e-05
1.883649089489800588e-01,9.999799697647330232e-01,4.027520340370132886e-05
1.995262314968879735e-01,9.999799660266723844e-01,4.030904069253022699e-05
2.113489039836646544e-01,9.999799618325005968e-01,4.034697260637443606e-05
2.238721138568340041e-01,9.999799571265645115e-01,4.038949004552644487e-05
2.371373705661655173e-01,9.999799518464197456e-01,4.043714159878881195e-05
2.511886431509580131e-01,9.999799459220027886e-01,4.049054003380361187e-05
2.660725059798809689e-01,9.999799392747018567e-01,4.055036943946016033e-05
2.818382931264453717e-01,9.999799318163127282e-01,4.061739307443056312e-05
2.985382618917959974e-01,9.999799234478682353e-01,4.069246196722460204e-05
3.162277660168379412e-01,9.999799140583266466e-01,4.077652431408934831e-05
3.349654391578276713e-01,9.999799035230978461e-01,4.087063571237071119e-05
3.548133892335754713e-01,9.999798917023892120e-01,4.097597026089221247e-05
3.758374042884441990e-01,9.999798784393515438e-01,4.109383255338690954e-05
3.981071705534973137e-01,9.999798635579973949e-01,4.122567057615614613e-05
4.216965034285822256e-01,9.999798468608691593e-01,4.137308949753861707e-05
4.466835921509631491e-01,9.999798281264135058e-01,4.153786632469810787e-05
4.731512589614805253e-01,9.999798071060477245e-01,4.172196537677105182e-05
5.011872336272723549e-01,9.999797835208584784e-01,4.192755447869586817e-05
5.308844442309884615e-01,9.999797570579033179e-01,4.215702177172303837e-05
5.623413251903490728e-01,9.999797273660567809e-01,4.241299296680577102e-05
5.956621435290104793e-01,9.999796940513554500e-01,4.269834884199671509e-05
6.309573444801932496e-01,9.999796566717691348e-01,4.301624274271269283e-05
6.683439175686146649e-01,9.999796147313388950e-01,4.337011777928415524e-05
7.079457843841380216e-01,9.999795676735981909e-01,4.376372339914431220e-05
7.498942093324557634e-01,9.999795148741914552e-01,4.420113095505968188e-05
7.943282347242814900e-01,9.999794556325927175e-01,4.468674788616459090e-05
8.413951416451951326e-01,9.999793891628169229e-01,4.522533010838711271e-05
8.912509381337456738e-01,9.999793145829934948e-01,4.582199223384212131e-05
9.440608762859236114e-01,9.999792309036744653e-01,4.648221527881384534e-05
1.000000000000000000e+00,9.999791370147140812e-01,4.721185158996743346e-05
1.059253725177289107e+00,9.999790316705490234e-01,4.801712681873068561e-05
1.122018454301963564e+00,9.999789134736880580e-01,4.890463890745821426e-05
1.188502227437018277e+00,9.999787808561836355e-01,4.988135420302963752e-05
1.258925411794167504e+00,9.999786320588549549e-01,5.095460098023832601e-05
1.333521432163323972e+00,9.999784651079710596e-01,5.213206083522584913e-05
1.412537544622754826e+00,9.999782777891023100e-01,5.342175856653210748e-05
1.496235656094433653e+00,9.999780676177816297e-01,5.483205128576603874e-05
1.584893192461114042e+00,9.999778318065994931e-01,5.637161760411702426e-05
1.678804018122560748e+00,9.999775672282930072e-01,5.804944775607250712e-05
1.778279410038922759e+00,9.999772703743451396e-01,5.987483549794685162e-05
1.883649089489801032e+00,9.999769373085496404e-01,6.185737251952628103e-05
1.995262314968879735e+00,9.999765636149332559e-01,6.400694594319688419e-05
2.113489039836647709e+00,9.999761443393491156e-01,6.633373927655085477e-05
2.238721138568339875e+00,9.999756739239813452e-01,6.884823693733637090e-05
2.371373705661655062e+00,9.999751461338994840e-01,7.156123219592890820e-05
2.511886431509581019e+00,9.999745539747074696e-01,7.448383812242648022e-05
2.660725059798809689e+00,9.999738896002146049e-01,7.762750085497203295e-05
2.818382931264455049e+00,9.999731442089279110e-01,8.100401427859353816e-05
2.985382618917960418e+00,9.999723079280237181e-01,8.462553499792131392e-05
3.162277660168379523e+00,9.999713696833033572e-01,8.850459629406668685e-05
3.349654391578277490e+00,9.999703170534532948e-01,9.265411962487566299e-05
3.548133892335755046e+00,9.999691361067438722e-01,9.708742206082701654e-05
3.758374042884442989e+00,9.999678112180775402e-01,1.018182179459057820e-04
3.981071705534973137e+00,9.999663248640624502e-01,1.068606129271437353e-04
4.216965034285822256e+00,9.999646573935190297e-01,1.122290883647284159e-04
4.466835921509632712e+00,9.999627867705342954e-01,1.179384739778429443e-04
4.731512589614805364e+00,9.999606882868555813e-01,1.240039064159041378e-04
5.011872336272724660e+00,9.999583342400647501e-01,1.304407712466183050e-04
5.308844442309884393e+00,9.999556935735729457e-01,1.372646256515026983e-04
5.623413251903490284e+00,9.999527314740684902e-01,1.444910989111301098e-04
5.956621435290106348e+00,9.999494089215730241e-01,1.521357675517154024e-04
6.309573444801933384e+00,9.999456821867670486e-01,1.602140018595466094e-04
6.683439175686149092e+00,9.999415022697120126e-01,1.687407803394356338e-04
7.079457843841380438e+00,9.999368142735104437e-01,1.777304686728390845e-04
7.498942093324558300e+00,9.999315567058455478e-01,1.871965598276693714e-04
7.943282347242817565e+00,9.999256607006958841e-01,1.971513722610058041e-04
8.413951416451951104e+00,9.999190491518586965e-01,2.076057036911008072e-04
8.912509381337459402e+00,9.999116357492441320e-01,2.185684387667827927e-04
9.440608762859236336e+00,9.999033239082315561e-01,2.300461101896275769e-04
1.000000000000000000e+01,9.998940055817275852e-01,2.420424145517854615e-04
1.059253725177288707e+01,9.998835599439790389e-01,2.545576863620657975e-04
1.122018454301964141e+01,9.998718519346913025e-01,2.675883365252895415e-04
1.188502227437018988e+01,9.998587306516319995e-01,2.811262649035625510e-04
1.258925411794167459e+01,9.998440275797508825e-01,2.951582604818122355e-04
1.333521432163323972e+01,9.998275546449597595e-01,3.096654069828386354e-04
1.412537544622754027e+01,9.998091020812270857e-01,3.246225162937475513e-04
1.496235656094434319e+01,9.997884361006622589e-01,3.399976164859267380e-04
1.584893192461114175e+01,9.997652963579414243e-01,3.557515250761476714e-04
1.678804018122560748e+01,9.997393932029767782e-01,3.718375409623260659e-04
1.778279410038922848e+01,9.997104047193566823e-01,3.882012895421823500e-04
1.883649089489800232e+01,9.996779735510852305e-01,4.047807542622064414e-04
1.995262314968880801e+01,9.996417035268432283e-01,4.215065236708874551e-04
2.113489039836647621e+01,9.996011560997460910e-01,4.383022755825023535e-04
2.238721138568340052e+01,9.995558466318505975e-01,4.550855091293157305e-04
2.371373705661655151e+01,9.995052405668998219e-01,4.717685215860941534e-04
2.511886431509581996e+01,9.994487495525550269e-01,4.882596107634724057e-04
2.660725059798811287e+01,9.993857275951321117e-01,5.044644667468662410e-04
2.818382931264454783e+01,9.993154673561970291e-01,5.202877005173239724e-04
2.985382618917960329e+01,9.992371967316850956e-01,5.356344434514715086e-04
3.162277660168379256e+01,9.991500758908105073e-01,5.504119426629261241e-04
3.349654391578279444e+01,9.990531949939481793e-01,5.645310741029515916e-04
3.548133892335756912e+01,9.989455728555616254e-01,5.779076990991955341e-04
3.758374042884442900e+01,9.988261568691438885e-01,5.904638005405480781e-04
3.981071705534973404e+01,9.986938245643554035e-01,6.021283513127050069e-04
4.216965034285822611e+01,9.985473872192262013e-01,6.128378882037695133e-04
4.466835921509634488e+01,9.983855959983826134e-01,6.225367871064052582e-04
4.731512589614807496e+01,9.982071511259864582e-01,6.311772576327179122e-04
5.011872336272724482e+01,9.980107146219904246e-01,6.387190950247447407e-04
5.308844442309884926e+01,9.977949271229445971e-01,6.451292427826879790e-04
5.623413251903490817e+01,9.975584292629374739e-01,6.503812296563863619e-04
5.956621435290109190e+01,9.972998879939243277e-01,6.544545491402342131e-04
6.309573444801936404e+01,9.970180280652736204e-01,6.573340485570982076e-04
6.683439175686149269e+01,9.967116686487226263e-01,6.590093888632519341e-04
7.079457843841380793e+01,9.963797647796929224e-01,6.594746262829355140e-04
7.498942093324558300e+01,9.960214528883218899e-01,6.587279538634281412e-04
7.943282347242821118e+01,9.956360992227004658e-01,6.567716259056477360e-04
8.413951416451955367e+01,9.952233494449405082e-01,6.536120719617959270e-04
8.912509381337459047e+01,9.947831771456941974e-01,6.492601904623799451e-04
9.440608762859235981e+01,9.943159285286141680e-01,6.437317959193137804e-04
1.000000000000000000e+02,9.938223601311030331e-01,6.370481788546525272e-04
1.059253725177289738e+02,9.933036662477235934e-01,6.292367250662671491e-04
1.122018454301964141e+02,9.927614927821418744e-01,6.203315315457075220e-04
1.188502227437018917e+02,9.921979346315352721e-01,6.103739512733812392e-04
1.258925411794167530e+02,9.916155144327215565e-01,5.994129991111682692e-04
1.333521432163323936e+02,9.910171415568822528e-01,5.875055566263437520e-04
1.412537544622755377e+02,9.904060515623984706e-01,5.747163250042642418e-04
1.496235656094434319e+02,9.897857277842226909e-01,5.611174916816674685e-04
1.584893192461114211e+02,9.891598081942918341e-01,5.467880967914494047e-04
1.678804018122560535e+02,9.885319819333769908e-01,5.318131080352461260e-04
1.778279410038922776e+02,9.879058808237594080e-01,5.162822350684050229e-04
1.883649089489802009e+02,9.872849715983362806e-01,5.002885344303779815e-04
1.995262314968880730e+02,9.866724544641034544e-01,4.839268714648166251e-04
2.113489039836647692e+02,9.860711729722804186e-01,4.672923149262445445e-04
2.238721138568340052e+02,9.854835390832563657e-01,4.504785423912070676e-04
2.371373705661655151e+02,9.849114759378060358e-01,4.335763302978980520e-04
2.511886431509582280e+02,9.843563793513188109e-01,4.166721923720810854e-04
2.660725059798811003e+02,9.838190976081443440e-01,3.998472159770310682e-04
2.818382931264454783e+02,9.832999278932190723e-01,3.831761293568805050e-04
2.985382618917960258e+02,9.827986267563988410e-01,3.667266157754251691e-04
3.162277660168379043e+02,9.823144314067036031e-01,3.505588747639917118e-04
3.349654391578279160e+02,9.818460883747862633e-01,3.347254173519569401e-04
3.548133892335756627e+02,9.813918861193851040e-01,3.192710719429013837e-04
3.758374042884443043e+02,9.809496884202770772e-01,3.042331706804089330e-04
3.981071705534973262e+02,9.805169658197602223e-01,2.896418825888521413e-04
4.216965034285822185e+02,9.800908228731390892e-01,2.755206589992576340e-04
4.466835921509634773e+02,9.796680194833493616e-01,2.618867582525923532e-04
4.731512589614807780e+02,9.792449850783325749e-01,2.487518197018175623e-04
5.011872336272724624e+02,9.788178248111132351e-01,2.361224610761117392e-04
5.308844442309884926e+02,9.783823173055417044e-01,2.240008777313163635e-04
5.623413251903490391e+02,9.779339037313087291e-01,2.123854268403049296e-04
5.956621435290109048e+02,9.774676681746893303e-01,2.012711838241768730e-04
6.309573444801936830e+02,9.769783093868654733e-01,1.906504621458204451e-04
6.683439175686148701e+02,9.764601040528165798e-01,1.805132908468126012e-04
7.079457843841380509e+02,9.759068617450362693e-01,1.708478468951877801e-04
7.498942093324558300e+02,9.753118717218732803e-01,1.616408415345678374e-04
7.943282347242821970e+02,9.746678417134166938e-01,1.528778614334024954e-04
8.413951416451956220e+02,9.739668288206878577e-01,1.445436665959884924e-04
8.912509381337458763e+02,9.732001626476509681e-01,1.366224477821530799e-04
9.440608762859235412e+02,9.723583608005602619e-01,1.290980466623862111e-04
1.000000000000000000e+03,9.714310369353854613e-01,1.219541421815696506e-04
1.059253725177289652e+03,9.704068016215222636e-01,1.151744066689978663e-04
1.122018454301962947e+03,9.692731564289851498e-01,1.087426351611837092e-04
1.188502227437018973e+03,9.680163818478528803e-01,1.026428512520716912e-04
1.258925411794168667e+03,9.666214199246351280e-01,9.685939256902234909e-05
1.333521432163324107e+03,9.650717528631328479e-01,9.137697872282302884e-05
1.412537544622755377e+03,9.633492793003243237e-01,8.618076431879929619e-05
1.496235656094432670e+03,9.614341905440063618e-01,8.125637934897722125e-05
1.584893192461114040e+03,9.593048497603793301e-01,7.658995902937850233e-05
1.678804018122562411e+03,9.569376779360464491e-01,7.216816489622745480e-05
1.778279410038922833e+03,9.543070514148349615e-01,6.797819875222110744e-05
1.883649089489802009e+03,9.513852169227006161e-01,6.400781083378754882e-05
1.995262314968878854e+03,9.481422312295340049e-01,6.024530338029652148e-05
2.113489039836647862e+03,9.445459339247818109e-01,5.667953060235848877e-05
2.238721138568342212e+03,9.405619631526623836e-01,5.329989588023838101e-05
2.371373705661655094e+03,9.361538254831911487e-01,5.009634686790180206e-05
2.511886431509582053e+03,9.312830322746937783e-01,4.705936903086480381e-05
2.660725059798808616e+03,9.259093157611895109e-01,4.417997800401286297e-05
2.818382931264454783e+03,9.199909384825579739e-01,4.144971102105972664e-05
2.985382618917963100e+03,9.134851093366741503e-01,3.886061753450218944e-05
3.162277660168379498e+03,9.063485182106407745e-01,3.640524901673000089e-05
3.349654391578279501e+03,8.985379985707343531e-01,3.407664781136380731e-05
3.548133892335752989e+03,8.900113233031063942e-01,3.186833479417691987e-05
3.758374042884443043e+03,8.807281333048534444e-01,2.977429550204207942e-05
3.981071705534977355e+03,8.706509907471737808e-01,2.778896432604924884e-05
4.216965034285822185e+03,8.597465396647215874e-01,2.590720631470166233e-05
4.466835921509635227e+03,8.479867459020692388e-01,2.412429614935310930e-05
4.731512589614802891e+03,8.353501770903516421e-01,2.243589390297582843e-05
5.011872336272725079e+03,8.218232721610382319e-01,2.083801731425430484e-05
5.308844442309889928e+03,8.074015401317440332e-01,1.932701048729482614e-05
5.623413251903491073e+03,7.920906209070089909e-01,1.789950915631158368e-05
5.956621435290109730e+03,7.759071380349862324e-01,1.655240294105982137e-05
6.309573444801942969e+03,7.588792759642610797e-01,1.528279530740235976e-05
6.683439175686148701e+03,7.410470231275197994e-01,1.408796224286926638e-05
7.079457843841388240e+03,7.224620372435888171e-01,1.296531090211106141e-05
7.498942093324558300e+03,7.031871098541040421e-01,1.191233964501549561e-05
7.943282347242821743e+03,6.832952317210534421e-01,1.092660095092859542e-05
8.413951416451964178e+03,6.628682870127754478e-01,1.000566863283032978e-05
8.912509381337458763e+03,6.419954294745238155e-01,9.147110577347402718e-06
9.440608762859244962e+03,6.207712152630728841e-01,8.348467938120438916e-06
1.000000000000000000e+04,5.992935824768187425e-01,7.607241317998205078e-06
1.059253725177289743e+04,5.776617750689778674e-01,6.920884041800074406e-06
1.122018454301965176e+04,5.559743082425419036e-01,6.286802201409406106e-06
1.188502227437018882e+04,5.343270641010716693e-01,5.702360762020194530e-06
1.258925411794168758e+04,5.128115916919634421e-01,5.164894731957900174e-06
1.333521432163324062e+04,4.915136666722457748e-01,4.671724194333112627e-06
1.412537544622755377e+04,4.705121449527971955e-01,4.220171920459643752e-06
1.496235656094435762e+04,4.498781240388919356e-01,3.807582300645005357e-06
1.584893192461114086e+04,4.296744072073891973e-01,3.431340438961332440e-06
1.678804018122562411e+04,4.099552504192212066e-01,3.088890427816197859e-06
1.778279410038922651e+04,3.907663606350729180e-01,2.777752026902825465e-06
1.883649089489801918e+04,3.721451071058466398e-01,2.495535185677144523e-06
1.995262314968882856e+04,3.541209039351368437e-01,2.239952072987734373e-06
2.113489039836647498e+04,3.367157221550104440e-01,2.008826455916642195e-06
2.238721138568342212e+04,3.199446919691498192e-01,1.800100436015896716e-06
2.371373705661655185e+04,3.038167599237949767e-01,1.611838674613409475e-06
2.511886431509581962e+04,2.883353708549286076e-01,1.442230321498488330e-06
2.660725059798813891e+04,2.734991499340516663e-01,1.289588924335876684e-06
2.818382931264454965e+04,2.593025655376001160e-01,1.152350618391362028e-06
2.985382618917963191e+04,2.457365586782957467e-01,1.029070904001279588e-06
3.162277660168379225e+04,2.327891291655033168e-01,9.184203105167417146e-07
3.349654391578279319e+04,2.204458724117885904e-01,8.191792189595593977e-07
3.548133892335760174e+04,2.086904638559001768e-01,7.302320943726161138e-07
3.758374042884443043e+04,1.975050903620141629e-01,6.505613376467952083e-07
3.981071705534977082e+04,1.868708297473004598e-01,5.792409384767909867e-07
4.216965034285822185e+04,1.767679808670418462e-01,5.154300801063260634e-07
4.466835921509634500e+04,1.671763475359441808e-01,4.583668130853598784e-07
4.731512589614812168e+04,1.580754800704384233e-01,4.073618894405971439e-07
5.011872336272725079e+04,1.494448784764935145e-01,3.617928275967450315e-07
5.308844442309890292e+04,1.412641613477017277e-01,3.210982570925008288e-07
5.623413251903490891e+04,1.335132044352281833e-01,2.847725731528501571e-07
5.956621435290109366e+04,1.261722526502238872e-01,2.523609218587853941e-07
6.309573444801942969e+04,1.192220089964951824e-01,2.234545252583617602e-07
6.683439175686148519e+04,1.126437036341332715e-01,1.976863418953366756e-07
7.079457843841388240e+04,1.064191459640017740e-01,1.747270588735680266e-07
7.498942093324557936e+04,1.005307623131765499e-01,1.542814073099731870e-07
7.943282347242820833e+04,9.496162150277291658e-02,1.360847791570437561e-07
8.413951416451964178e+04,8.969545029869818720e-02,1.199001378073667142e-07
8.912509381337459490e+04,8.471664048656436796e-02,1.055151989144381144e-07
9.440608762859244598e+04,8.001024907621709370e-02,9.273986761622855513e-08
1.000000000000000000e+05,7.556199292951999713e-02,8.140391341521279221e-08
