gain_10hz,common_to_diff_50hz
9.998926648726441657e-01,2.409372131558721718e-05
9.998930689159302165e-01,1.089756944178493534e-05
9.998939591323553477e-01,1.389012318556790927e-05
9.998985613657206395e-01,8.839409211988209704e-06
9.998922355882163826e-01,1.058909085947695489e-05
9.998942641545899290e-01,6.386061154129490216e-06
9.998983429946067814e-01,1.205991410170377061e-05
9.998919559343734109e-01,4.084380167568546607e-05
9.998985397333294278e-01,1.820548951041192723e-05
9.998891716912555738e-01,1.081934898121269974e-05
9.998944530147203524e-01,1.366520359675617762e-05
9.998930655846445248e-01,2.790173133050444874e-05
9.998919508690887747e-01,4.780904495713297604e-06
9.998950830932397116e-01,4.711260928991797652e-05
9.998942459009662054e-01,1.099719123260561743e-05
9.998969574506927360e-01,4.656060191316908881e-05
9.998914907016409614e-01,3.267123687463252142e-06
9.998903464926625073e-01,2.604594060740385384e-05
9.998950787116843708e-01,3.043946206770053631e-05
9.998953165144608413e-01,5.094304617143058736e-05
9.998949385084162644e-01,2.839191138436508117e-05
9.998884404320579344e-01,4.307428459839369463e-05
9.998927349713878643e-01,1.255941628065400023e-05
9.998957505934487067e-01,3.149665375045729749e-05
9.998946761141851436e-01,2.882747390167568390e-05
9.998936339963401254e-01,1.291549901275056570e-05
9.998924392689327867e-01,2.628050698272610323e-06
9.998901515160051323e-01,2.978566499288608135e-06
9.998971641310128167e-01,1.894577958339467425e-05
9.998950774430783728e-01,8.719743159872001882e-06
9.998950070509338151e-01,5.102820155069955131e-05
9.998939110709589295e-01,3.108238474987049785e-05
9.998970070625068374e-01,4.929799875905764811e-05
9.998954482926716292e-01,6.704459709504609071e-06
9.998948099415690960e-01,1.456061882027776165e-05
9.998927736492511098e-01,4.075231354735009691e-05
9.998957922963221945e-01,6.139137739441078019e-06
9.998890916088838399e-01,1.198504010286583498e-05
9.998990150390750786e-01,4.351242258567331538e-05
9.998894332835929211e-01,1.052754928415699507e-05
9.998983336831454016e-01,3.606385639828888992e-05
9.998989250777550186e-01,1.914198281948994366e-06
9.998956033316810377e-01,2.607815400578807051e-06
9.998976206095899766e-01,2.284045250547425806e-05
9.998938582154632826e-01,1.744730940333254188e-05
9.998916568023143991e-01,3.918829540790333910e-06
9.998968924526926427e-01,2.403277356115233276e-06
9.998872496495146978e-01,3.057584377817853058e-05
9.998950525278497148e-01,2.269151850182760753e-05
9.998914551943480777e-01,3.543833300121150727e-05
9.998979042345751411e-01,1.022160852808784845e-05
9.998895407721362094e-01,8.822189269152199892e-06
9.998954983552522657e-01,3.270742073623998928e-06
9.998935167169960003e-01,5.503654827544333083e-06
9.998897849011274541e-01,1.167451417095030843e-05
9.998915473320579839e-01,4.412166223740067949e-05
9.998948110645442533e-01,3.805544306832654884e-05
9.998897693743568071e-01,3.119854403637995995e-05
9.998893582940230340e-01,3.211307654419897365e-05
9.998936698311072790e-01,2.421471288729824396e-05
9.998999177383484094e-01,1.259296866627806822e-05
9.998943709287058113e-01,1.245202546100035352e-05
9.998972426392065405e-01,4.393698321081785047e-05
9.998891977460249159e-01,8.416671055601074864e-06
9.998894101152496772e-01,7.069179504185620696e-06
9.998991022409039475e-01,5.546710827220342082e-05
9.998978351621240490e-01,3.561824063321888695e-05
9.998974217022105204e-01,4.605818490272692054e-06
9.998984000355508606e-01,3.795569176604627237e-05
9.998960119308250016e-01,1.114256883776633885e-05
9.998945083107432241e-01,1.126794643099805491e-05
9.998917296947938960e-01,2.445627159749167991e-05
9.998945944822820175e-01,2.706427528907330630e-05
9.998945094235923703e-01,5.650547163613849804e-05
9.998893023692867477e-01,2.544179057538585600e-05
9.998935849409107401e-01,8.457186569049591221e-06
9.998938722475168017e-01,5.389134403036427841e-05
9.998904328979451028e-01,2.219736049328971747e-05
9.998955428822260405e-01,4.700911774148144264e-06
9.998934107447253750e-01,2.038527361164590198e-05
9.998937347591555502e-01,3.568029088749215076e-05
9.998961926594113203e-01,1.387974794533875646e-05
9.998887087389665140e-01,7.908236113711083280e-06
9.998917111831771010e-01,1.146400759757931652e-05
9.998925365323274583e-01,2.072634142448449057e-05
9.998959190772843675e-01,8.961517475207726841e-06
9.998894418446474530e-01,4.201201610520530780e-06
9.998965712043519360e-01,2.636763929713510716e-05
9.998970869640484427e-01,3.344714888660163649e-06
9.998890452179819421e-01,2.001911803940508271e-05
9.998968951903722813e-01,4.334468858596130512e-05
9.998947295147355696e-01,1.191758881455857621e-05
9.998907865214476942e-01,4.417180804629284563e-06
9.998890356886442898e-01,1.359123191451627837e-05
9.998988936813201223e-01,1.330480515304399873e-06
9.998907611072699320e-01,1.031512412990032519e-05
9.998935149078596041e-01,3.335137554732072569e-05
9.998936907469254676e-01,7.403250736326714092e-06
9.998935344999304586e-01,6.946973450155697973e-06
9.998974137848606336e-01,6.376928681499881629e-06
9.998954640305842689e-01,4.308120575688440684e-05
9.998936303749312859e-01,1.213965171679328085e-05
9.998975270360737078e-01,3.205848767062517230e-05
9.998908536909775213e-01,2.478614029534683872e-06
9.998920534901170054e-01,5.227694116577213338e-06
9.998951388532977269e-01,8.382451959862822179e-06
9.998939408040653509e-01,2.007879638361913878e-05
9.998906970926613180e-01,2.909161671739306208e-05
9.998967221111866310e-01,2.993225953910267690e-05
9.998926414315587596e-01,1.998567589339244523e-05
9.998975246363085434e-01,3.443305480218597628e-05
9.998940441430802517e-01,1.230814539937502467e-05
9.998980543128065390e-01,2.835780196809007024e-05
9.998946938391047867e-01,5.669274517209261895e-06
9.998907805130258231e-01,4.426215341161285121e-05
9.998935788839355965e-01,2.646378656971907727e-05
9.998942043816085867e-01,2.975860663408639494e-06
9.998971266123334312e-01,1.680163429916701055e-05
9.998985957243178291e-01,2.998765058820437460e-06
9.998884553311011558e-01,4.235413982982347557e-05
9.998926847504859827e-01,8.645867679205001302e-06
9.998875834391118822e-01,2.036093328607625413e-05
9.998931977684701877e-01,5.068838604427648648e-06
9.998993250664680588e-01,1.768344844306205918e-05
9.998927749979158452e-01,2.607172122920962669e-05
9.998961392668241910e-01,2.017323153062328248e-06
9.998936047283057960e-01,4.103537040581928697e-05
9.998970985265299705e-01,4.493367855555653622e-05
9.998859361586336369e-01,1.005201461063012297e-06
9.998934745694085802e-01,4.124398326261614174e-05
9.998982973736367796e-01,5.307234061369909008e-06
9.998974137515074245e-01,3.846788443525860779e-05
9.998976057272602747e-01,1.125937453812379376e-05
9.998938156911828523e-01,1.720426638107196825e-06
9.998909379983378365e-01,2.495156820173708410e-05
9.998913289581997654e-01,2.203187448596011228e-05
9.998908678050340004e-01,1.941438580624823694e-05
9.998915051974126555e-01,8.185999866669506909e-06
9.998987419259791620e-01,6.224734701670857162e-06
9.998964510828276531e-01,4.217476397048289027e-06
9.998989625719451046e-01,5.947086862359909570e-06
9.998948773049651795e-01,9.096495794092962557e-06
9.998911988106878868e-01,1.113222836359604479e-05
9.998961319076852261e-01,2.377768325115553613e-06
9.998904150049794382e-01,3.321918069386261803e-05
9.998961371194440284e-01,3.632909303750674599e-05
9.998983823672704663e-01,3.807043991960717803e-05
9.998985229733977631e-01,1.973013422367830011e-05
9.998954566760834828e-01,3.143333772548665745e-05
9.998922649535719742e-01,6.098272811181838775e-06
9.999001512762923927e-01,2.486411274297996158e-05
9.998914149027501308e-01,3.703687857765100913e-05
9.998890151009520721e-01,1.195190682679148777e-06
9.998941296707233306e-01,4.181438959350240031e-05
9.998940334937583829e-01,1.335262885236631032e-05
9.998903941744663459e-01,3.858883224525847097e-05
9.998936829361277923e-01,2.480450606424587951e-05
9.998951931281950811e-01,6.346321730510267433e-06
9.998958207102809359e-01,5.673788839656408668e-06
9.998895796186526574e-01,1.144472884183630591e-05
9.998971913464023142e-01,4.127228776598669931e-05
9.998885294493342624e-01,1.672043061372073612e-05
9.998970583253429245e-01,2.878173024903395925e-05
9.998919583386600696e-01,2.818944578914221749e-05
9.998925797820438222e-01,3.432241517820309735e-05
9.998970951476109370e-01,1.119033742661619218e-05
9.998966590273602462e-01,4.534734420504031927e-06
9.998934972914463870e-01,1.662874442405923124e-05
9.998955055749326748e-01,7.259918617012254688e-06
9.998875047322471898e-01,2.186703672506489982e-05
9.998902641155332782e-01,9.327585499480759044e-07
9.998915056635664378e-01,1.437392866739284080e-05
9.998938351493580345e-01,3.837585980598407127e-05
9.998944431095637686e-01,5.074081927882585064e-05
9.998958775168124147e-01,4.956292706308879771e-06
9.998994387139733542e-01,4.979373320830073566e-06
9.998990553599920172e-01,9.295726962214668611e-06
9.998943296832206729e-01,2.546514354395768299e-05
9.998931557253487590e-01,4.520811358515954764e-06
9.998937979759101591e-01,1.397317456620061781e-05
9.998965901017331515e-01,4.915552389268721350e-05
9.998962477893775791e-01,1.339257179648557018e-05
9.998962034983861491e-01,9.307349675974740645e-06
9.998974258648838376e-01,2.793856158013159124e-06
9.998968640905434579e-01,7.529307203733293402e-06
9.998980319803060235e-01,6.000715621100515507e-06
9.998922466818411792e-01,3.932960332044250663e-06
9.998905976754172142e-01,3.048065697781566851e-05
9.998948173637376424e-01,4.126924907304543313e-05
9.998957068719509511e-01,2.550243276271700325e-05
9.998924300746776517e-01,7.569995801615769088e-06
9.998916990776395286e-01,2.631142901175975094e-05
9.998965610354203504e-01,1.931003493199140501e-05
9.998920713727759146e-01,1.376067498410931311e-05
9.998950790659207888e-01,4.061706736374698879e-06
9.998875666025951459e-01,1.250305571734486520e-05
9.998940492125144575e-01,3.557257024493957700e-05
9.998919633561029752e-01,7.909631820552026895e-06
9.998924452163731047e-01,1.631771893645952865e-05
9.998914276456570827e-01,1.672902355785614115e-05
