Cost_ID,Category,Scope_no_double_counting,Amount_for_1_set,Amount_for_5_sets,Currency,Status,Included_in_ID_or_missing_detail
P01,AFE bare PCB,Bare AFE boards only; state minimum panel/order quantity,,,,UNKNOWN,
P02,AUX bare PCB,Bare auxiliary boards only; independent stackup confirmation,,,,UNKNOWN,
P03,AFE fitted components,61 per board; use proposed quote MPN column; exclude MOD1 and DNP,,,,UNKNOWN,
P04,AUX fitted components,43 per board; exclude five wire-land groups and four holes,,,,UNKNOWN,
P05,NRE and tooling,Setup; stencils; panel tooling; separate repeatable vs one-time charges,,,,UNKNOWN,
P06,SMT assembly,Both boards; polarity; WSON/thermal-pad process,,,,UNKNOWN,
P07,Through-hole and tail work,Board headers and wire-tail soldering; cable component costs below; no duplicate labor,,,,UNKNOWN,
P08,Bare PCB and assembly inspection,Electrical bare-board test; assembly optical/hidden-joint inspection; no powered functional test,,,,UNKNOWN,
P09,Controller MOD1,"One ESP32-S3-DevKitC-1-N8R8 per set; already in electrical CSV, not a duplicate",,,,UNKNOWN,
P10,Console module and USB cable,Adafruit 5335 plus matching USB data cable; ISO7721DR already P04,,,,UNKNOWN,
P11,Two K1 ribbon assemblies,"IDSD-10-S-04.00-T-G-ST4; includes two cable-end sockets, not AFE headers",,,,UNKNOWN,
P12,C4 service harness,Two housings; ten exact non-N contacts; five conductors; crimp labor; headers already P03/P04,,,,UNKNOWN,
P13,Other leads; insulation; STOP,Controller/console/source tails; normally-open contact; restraint; identify lengths and exact parts,,,,UNKNOWN,
P14,K2/C4 mechanical parts,13 modelled removable/integral pieces per set; C4 backing integrated; quote material/process,,,,UNKNOWN,
P15,Fasteners and separate supports,Rivets; shims/liners; AUX/DevKit independent mounting; exact hardware unresolved,,,,UNKNOWN,
P16,Passive startup fixture,Analog low-state fixture; separate proposal/acceptance needed; not complete E1 stimulus equipment,,,,UNKNOWN,
P17,Attrition; pack minima; spares,Extra purchased inventory beyond fitted quantities; identify owner and whether already in P03/P04,,,,UNKNOWN,
P18,Packaging and handling,Identify any included elsewhere,,,,UNKNOWN,
P19,Delivery,Requires actual destination; no address supplied,,,,UNKNOWN,
P20,Taxes; import; fees,State taxable basis/delivery terms; avoid tax already included elsewhere,,,,UNKNOWN,
P21,Additional bench equipment cash,Shared supply/meter/probes; owned/borrowed only if confirmed; later characterization quoted separately,,,,UNKNOWN,
