board,population,references,site_count,fitted_qty_per_set,value,active_mpn,quote_mpn,footprint,side,quote_disposition
AFE,FIT,C1;C2;C3;C4,4,4,4.7n,GRM1885C1H472JA01D,GRM1885C1H472JA01D,Capacitor_SMD:C_0603_1608Metric,F.Cu,RETAIN_IDENTITY_PROCESS_REVIEW_OPEN
AFE,FIT,C5,1,1,1.5n,GRM1885C1H152JA01D,GRM1885C1H152JA01D,Capacitor_SMD:C_0603_1608Metric,F.Cu,RETAIN_IDENTITY_PROCESS_REVIEW_OPEN
AFE,DNP,D1;D2;D3;D4;D5;D6;D7;D8,8,0,"BAV199,215","BAV199,215","BAV199,215",Package_TO_SOT_SMD:SOT-23,F.Cu,DO_NOT_FIT
AFE,FIT,J1;J2,2,2,HTSW-110-07-T-D,HTSW-110-07-T-D,HTSW-110-07-T-D,Connector_PinHeader_2.54mm:PinHeader_2x10_P2.54mm_Vertical,F.Cu,RETAIN_IDENTITY_PROCESS_REVIEW_OPEN
AFE,FIT,R1;R2;R3;R4;R5;R6;R7;R8,8,8,4.99k,RC0603FR-074K99L,RC0603FR-074K99L,Resistor_SMD:R_0603_1608Metric,F.Cu,RETAIN_IDENTITY_PROCESS_REVIEW_OPEN
AFE,FIT,R9;R10,2,2,1M,RC0603FR-071ML,RC0603FR-071ML,Resistor_SMD:R_0603_1608Metric,F.Cu,RETAIN_IDENTITY_PROCESS_REVIEW_OPEN
AFE,FIT,U1,1,1,ADS1299-4PAGR,ADS1299-4PAGR,ADS1299-4PAGR,Package_QFP:TQFP-64_10x10mm_P0.5mm,F.Cu,RETAIN_IDENTITY_PROCESS_REVIEW_OPEN
AFE,FIT,C6,1,1,100u,T491D107K016AT,T491D107K016AT,RevA_Passives:T491D_7343_DensityB,F.Cu,RETAIN_IDENTITY_PROCESS_REVIEW_OPEN
AFE,FIT,C7,1,1,22u,T491B226K016AT,T491B226K016AT,RevA_Passives:T491B_3528_DensityB,F.Cu,RETAIN_IDENTITY_PROCESS_REVIEW_OPEN
AFE,FIT,C8;C9;C10;C11;C12;C13;C14;C15;C16;C17;C18;C19;C20;C21;C22,15,15,1u,GRM188R61E105KA12D,GRM188R61C105KA12D,Capacitor_SMD:C_0603_1608Metric,F.Cu,PROPOSED_REPLACEMENT_NOT_APPLIED
AFE,FIT,C23;C24;C25;C26;C27;C28;C29,7,7,100n,GRM188R71H104KA93D,C0603C104K5RACTU,Capacitor_SMD:C_0603_1608Metric,F.Cu,PROPOSED_REPLACEMENT_NOT_APPLIED
AFE,FIT,C30;C31;C32;C33,4,4,10u,GRM219R61A106KE44D,GRM21BR61C106KE15L,Capacitor_SMD:C_0805_2012Metric,F.Cu,PROPOSED_REPLACEMENT_NOT_APPLIED
AFE,FIT,J3,1,1,B6B-XH-A(LF)(SN),B6B-XH-A(LF)(SN),B6B-XH-A(LF)(SN),Connector_JST:JST_XH_B6B-XH-A_1x06_P2.50mm_Vertical,F.Cu,RETAIN_IDENTITY_PROCESS_REVIEW_OPEN
AFE,FIT,R11,1,1,10,RC0603FR-0710RL,RC0603FR-0710RL,Resistor_SMD:R_0603_1608Metric,F.Cu,RETAIN_IDENTITY_PROCESS_REVIEW_OPEN
AFE,FIT,U2,1,1,TPS7A2033PDBVR,TPS7A2033PDBVR,TPS7A2033PDBVR,Package_TO_SOT_SMD:SOT-23-5,F.Cu,RETAIN_IDENTITY_PROCESS_REVIEW_OPEN
AFE,FIT,R12;R13;R15;R16;R17;R18;R19,7,7,42.2k,RC0603FR-0742K2L,RC0603FR-0742K2L,Resistor_SMD:R_0603_1608Metric,F.Cu,RETAIN_IDENTITY_PROCESS_REVIEW_OPEN
AFE,FIT,R14;R20;R21;R22;R23,5,5,10k,RC0603FR-0710KL,RC0603FR-0710KL,Resistor_SMD:R_0603_1608Metric,F.Cu,RETAIN_IDENTITY_PROCESS_REVIEW_OPEN
AUX,LANDING_ONLY,J101,1,0,K1_NUMBERED_SOLDER_TAILS,PCB_LANDINGS_ONLY,PCB_LANDINGS_ONLY,Aux_Lands:SolderTails_20,F.Cu,COPPER_ONLY_NOT_A_PURCHASE
AUX,LANDING_ONLY,J102,1,0,DEVKIT_J1_NUMBERED_TAILS,PCB_LANDINGS_ONLY,PCB_LANDINGS_ONLY,Aux_Lands:SolderTails_22,F.Cu,COPPER_ONLY_NOT_A_PURCHASE
AUX,LANDING_ONLY,J103,1,0,ADAFRUIT_5335_TAILS,PCB_LANDINGS_ONLY,PCB_LANDINGS_ONLY,Aux_Lands:SolderTails_4,F.Cu,COPPER_ONLY_NOT_A_PURCHASE
AUX,FIT,J104,1,1,B6B-XH-A(LF)(SN),B6B-XH-A(LF)(SN),B6B-XH-A(LF)(SN),Connector_JST:JST_XH_B6B-XH-A_1x06_P2.50mm_Vertical,F.Cu,RETAIN_IDENTITY_PROCESS_REVIEW_OPEN
AUX,LANDING_ONLY,J105,1,0,REGULATED_5V_TAILS,PCB_LANDINGS_ONLY,PCB_LANDINGS_ONLY,Aux_Lands:SolderTails_2,F.Cu,COPPER_ONLY_NOT_A_PURCHASE
AUX,LANDING_ONLY,J106,1,0,REMOTE_NO_STOP_CONTACT,PCB_LANDINGS_ONLY,PCB_LANDINGS_ONLY,Aux_Lands:SolderTails_2,F.Cu,COPPER_ONLY_NOT_A_PURCHASE
AUX,FIT,U101,1,1,ISO7721DR,ISO7721DR,ISO7721DR,Package_SO:SOIC-8_3.9x4.9mm_P1.27mm,F.Cu,RETAIN_IDENTITY_PROCESS_REVIEW_OPEN
AUX,FIT,U102;U103;U104,3,3,TXU0304PWR,TXU0304PWR,TXU0304PWR,Package_SO:TSSOP-14_4.4x5mm_P0.65mm,F.Cu,RETAIN_IDENTITY_PROCESS_REVIEW_OPEN
AUX,FIT,U105;U106,2,2,TPS3703A4330DSER,TPS3703A4330DSER,TPS3703A4330DSER,Package_SON:WSON-6_1.5x1.5mm_P0.5mm,F.Cu,RETAIN_IDENTITY_PROCESS_REVIEW_OPEN
AUX,FIT,U107;U108,2,2,TPS3703A5500DSER,TPS3703A5500DSER,TPS3703A5500DSER,Package_SON:WSON-6_1.5x1.5mm_P0.5mm,F.Cu,RETAIN_IDENTITY_PROCESS_REVIEW_OPEN
AUX,FIT,U109;U110,2,2,SN74LVC1G97DBVR,SN74LVC1G97DBVR,SN74LVC1G97DBVR,Package_TO_SOT_SMD:SOT-23-6,F.Cu,RETAIN_IDENTITY_PROCESS_REVIEW_OPEN
AUX,FIT,U111,1,1,SN74LVC2G74DCUR,SN74LVC2G74DCUR,SN74LVC2G74DCUR,Package_SO:VSSOP-8_2.3x2mm_P0.5mm,F.Cu,RETAIN_IDENTITY_PROCESS_REVIEW_OPEN
AUX,FIT,C101;C102;C103;C104;C105;C106;C107;C108;C109;C110;C111;C112;C113;C114;C115,15,15,100n,C0603C104K5RACTU,C0603C104K5RACTU,Capacitor_SMD:C_0603_1608Metric,F.Cu,RETAIN_IDENTITY_PROCESS_REVIEW_OPEN
AUX,FIT,R101;R103;R105;R107;R110;R111;R112;R113,8,8,10k,RC0603FR-0710KL,RC0603FR-0710KL,Resistor_SMD:R_0603_1608Metric,F.Cu,RETAIN_IDENTITY_PROCESS_REVIEW_OPEN
AUX,FIT,R102;R104;R106;R108;R109;R116,6,6,100k,RC0603FR-07100KL,RC0603FR-07100KL,Resistor_SMD:R_0603_1608Metric,F.Cu,RETAIN_IDENTITY_PROCESS_REVIEW_OPEN
AUX,FIT,R114;R115,2,2,42.2k,RC0603FR-0742K2L,RC0603FR-0742K2L,Resistor_SMD:R_0603_1608Metric,F.Cu,RETAIN_IDENTITY_PROCESS_REVIEW_OPEN
