item_id,category,cost_basis,quantity_basis,item,specification_or_target,double_count_or_scope_note,question_ids,vendor,currency,amount_for_1_set,amount_for_5_sets,inclusions_exclusions
B01,BOARD,per set,1 AFE board,Bare AFE PCB,78 x 58 mm; four layers; nominal1.6mm; Q01 stack/finish proposal,Included components are B03 not here,Q01,,,,,
B02,BOARD,per set,1 auxiliary board,Bare auxiliary PCB,90 x 75 mm; four layers; nominal1.6mm; separate Q01 stack drawing,Do not combine HOST/TARGET grounds,Q01,,,,,
B03,PARTS,per set,104 fitted board parts,Both populated component kits,Use assembly_bom.csv quote_mpn quantities;61AFE+43AUX,Includes all board headers; excludes MOD1/host/cables;D1-D8 zero,Q02;Q03;Q04,,,,,
B04,LABOUR,per lot,quote for1 and5sets,SMT assembly,Both designs; front components; WSON exposed pads/T491 polarity,Separate labour from B03 components,Q03;Q05,,,,,
B05,LABOUR,per lot,quote for1 and5sets,Through-hole and board tail work,HTSW/XH post-SMT; solder tails with independent restraint,Clarify overlap with cable labour A07-A11,Q05;Q06,,,,,
B06,SETUP,per lot,itemize two designs or shared panel,Engineering setup and stencils,Panel/tooling/fiducial proposal; stencil/paste/mask review,Charge shared work once; ownership and reuse stated,Q01;Q03,,,,,
B07,QA,per lot,quote inspection scope,Unpowered inspection and bare-PCB tests,State AOI/microscopy/X-ray applicability; bare-PCB electrical test parameters,No populated-board energization/programming; parameters need approval,Q05;Q09,,,,,
B08,OVERAGE,per lot,vendor to state,MOQ attrition and component spares,Itemize cut tape/reel/minimum buys; surplus ownership,NOT already included in fitted quantities,Q02;Q10,,,,,
A01,MODULE,per set,1,ESP32-S3-DevKitC-1-N8R8,Official target; actual board revision to inspect; external5V,MOD1 excluded from AFE board placements; do not count twice,Q02;Q09,,,,,
A02,MODULE,per set,1,Adafruit CP2102N Friend5335,HOST-side application UART module; not CP2104/unspecified clone,ISO7721DR is already in B03; no extra generic isolator module,Q02;Q09,,,,,
A03,CABLE,per set,2,IDSD-10-S-04.00-T-G-ST4,K1;20conductors each;101.6+/-3.175mm;28AWG;6.35mm nominal tinned ends,One J1 and one J2; retain all contacts and distinct cartridge codes,Q06,,,,,
A04,CABLE,per set,1 complete assembly,C4 service cable,2xXHP-6;10xSXH-001T-P0.6 non-N;5xAWG24;OD0.9-1.9mm;150+/-5mm between housing faces,Pins1-5 one-to-one; cavity6empty;board headers already in B03,Q06,,,,,
A05,MECHANICAL,per set,1 complete K2 set,AFE carrier and coded captures,Use current carrier_k2.scad assembly; material/tolerances/process TBD,Include covers bridges saddles bars clips and fastening concept once,Q07,,,,,
A06,MECHANICAL,per set,1 support set,Auxiliary and module supports,4auxNPTH supports plus independent DevKit/HOST supports and cable restraint,OffsetH4;no conductive HOST/TARGET bridge; exact fasteners TBD,Q07,,,,,
A07,HARNESS,per set,1 fanout assembly,Controller permanent tails,AUX J102 to same-numbered DevKit J1;19used positions;3/13/14unused,Wire lengths/gauge/termination proposed for review; no new connector assumed,Q06;Q09,,,,,
A08,HARNESS,per set,1 four-wire set,HOST permanent tails,AUX J103.1/2/3/4 to HOST JP4.2/JP1.1/JP1.4/JP1.5 respectively,HOST3V3 is not HOST USB5V; domain separation retained,Q06,,,,,
A09,HARNESS,per setup,1 paired lead set,Source leads and interfaces,Target common outgoing+return resistance <=0.050ohm under intended conditions,Planning target not guaranteed resistance;actual source connector TBD,Q06;Q09,,,,,
A10,CONTROL,per set,1 contact and two-lead set,Remote normally-open STOP,AUX J106; exact device and restraint to be proposed,Control contact not a power switch or safety-rated emergency stop,Q06;Q09,,,,,
A11,FIXTURE,per setup,1 fixture set,Passive analog-startup and dummy fixture,Separate proposed design/cost; use AFE J2 allocation; external mode disabled,Not a released fixture or permission to energize inputs,Q09,,,,,
A12,CABLE,per setup,1,HOST USB data cable,Suitable for Adafruit5335; only HOST connection during eventual reviewed capture,Both DevKit USB ports excluded with accessories,Q09,,,,,
A13,MECHANICAL,per lot,itemized consumables,Insulation fasteners shims and strain relief,Accepted nonconductive material/process; actual quantities proposed,Remove items already included in A05/A06/A07-A10,Q06;Q07,,,,,
L01,LAB,shared equipment,1 source or borrowed,Regulated5V bench supply,Adjustable current limit/output-enable;>=1A available capacity,Capacity is NOT initial limit; not a selected/purchased instrument,Q09,,,,,
L02,LAB,shared equipment,as required or borrowed,Meter scope probes and passive test tools,Accuracy grounding and current-injection limits reviewed before use,Separate incremental equipment cost; no assumed free instrument,Q09,,,,,
L03,LAB,one-time tooling,vendor included or itemized,Crimp solder fixture tooling,Qualified cable and solder process; no improvised crimp assumption,Avoid charging same tooling in A04/B05/B06,Q05;Q06,,,,,
D01,DELIVERY,per shipment,vendor to state,Packing shipping insurance,ESD-safe pack; combine services only with stated scope,Destination country/postcode not yet selected,Q10,,,,,
D02,DELIVERY,per shipment,vendor to state,Tax import and handling,State included/excluded charges and responsibility,Do not assume a rate country currency or zero tax,Q10,,,,,
