frequency_hz,ch1_uV2_per_Hz,ch2_uV2_per_Hz,ch3_uV2_per_Hz,ch4_uV2_per_Hz
0.000000000000000000e+00,1.622714569332390706e-32,9.165641459330820095e-32,3.843238937629914554e-32,1.069105884036878258e-32
2.500000000000000000e-01,2.234292309602841488e-34,3.419423030892321977e-32,1.702955843547627133e-33,1.922649808303333134e-33
5.000000000000000000e-01,1.747653784000926345e-32,3.463076678392139646e-32,2.831336063132283330e-32,2.326147351109116995e-32
7.500000000000000000e-01,6.535235687967187299e-33,3.660205527135092295e-33,7.431171381961979769e-33,8.120802138531941223e-33
1.000000000000000000e+00,1.453620633723811211e-32,3.383026532395320641e-33,5.721019646702267706e-33,2.969290043467634145e-32
1.250000000000000000e+00,4.003073578489296807e-33,1.211675846265069716e-32,3.219311476169435476e-33,1.872205377716399901e-32
1.500000000000000000e+00,7.465991909916101921e-33,1.840139646222316151e-33,8.600805958863256620e-33,4.568736826392812074e-32
1.750000000000000000e+00,5.489456227614395012e-33,2.085947649009735140e-33,5.672552939207419053e-34,1.531288590113286980e-32
2.000000000000000000e+00,1.334401459022440673e-32,1.691802895247251704e-32,4.918771277719406422e-36,1.547834928547300769e-32
2.250000000000000000e+00,5.731470983417147637e-32,8.651783438745463145e-33,1.039903890556745211e-31,5.473535786772368860e-33
2.500000000000000000e+00,3.646111812928502331e-31,5.261339717574438361e-31,8.923707970292758140e-32,7.196653060568059084e-32
2.750000000000000000e+00,1.712926117566798695e-33,9.105283439492584803e-32,8.034966322751178825e-33,3.609409472733577426e-32
3.000000000000000000e+00,7.121379151954298397e-33,2.133565922677578506e-32,5.604793515822687012e-33,4.848997090518841966e-33
3.250000000000000000e+00,7.705319161751431486e-34,2.357534970789433025e-34,1.002143422412374634e-32,1.057629766431365019e-32
3.500000000000000000e+00,1.960069700525072499e-32,7.224419596855018010e-32,1.087067765113003390e-31,2.040064321104563199e-32
3.750000000000000000e+00,1.091296078673636069e-31,2.317004260617025726e-32,1.014952616183936041e-33,5.239980879928145189e-32
4.000000000000000000e+00,6.620496991930709843e-33,8.177775305242185156e-33,5.408427410609027178e-32,9.731953401541616077e-33
4.250000000000000000e+00,3.195132542137021358e-34,1.628253762124205854e-34,6.579492489842959194e-33,3.661936095509093610e-33
4.500000000000000000e+00,1.713559233406254303e-33,1.044096792714174924e-32,1.428364685524343862e-32,2.630993123801859072e-33
4.750000000000000000e+00,2.072046652021210234e-32,3.506558250840788926e-32,2.262352743448149881e-32,3.594510384602850790e-33
5.000000000000000000e+00,1.669707467755671167e-32,4.170111647038885860e-32,1.316931877830902627e-32,2.303418562122207240e-32
5.250000000000000000e+00,2.261558881192293024e-32,2.077504194107548440e-32,1.314887287999189808e-32,1.785458143424020462e-32
5.500000000000000000e+00,3.268614026903562890e-34,1.715232733261912099e-32,7.131444352939350319e-33,1.566023072268434274e-32
5.750000000000000000e+00,5.645157248669943496e-34,3.287717926399577166e-33,2.178548361809568394e-33,6.882183087314425487e-34
6.000000000000000000e+00,1.152591827995817565e-32,4.715522041968913919e-32,3.876991039667850575e-32,6.384336542514723442e-32
6.250000000000000000e+00,3.261244203046106322e-33,8.191374617883132918e-33,7.709039273448683389e-34,6.646918971048385569e-33
6.500000000000000000e+00,7.606770445063208274e-33,1.762479767490878836e-33,1.549517613789148359e-33,3.153277811063270927e-33
6.750000000000000000e+00,2.510959871653826311e-33,1.279673084669018706e-32,1.096732620461237277e-32,2.390357796350319195e-33
7.000000000000000000e+00,3.153519474910371297e-34,2.207734516238681918e-33,1.131555499479208406e-33,1.122093888815636925e-33
7.250000000000000000e+00,4.551750914006745885e-33,2.532277970457370777e-32,2.422248629570491706e-35,2.167062631409185107e-33
7.500000000000000000e+00,5.113092021126224663e-33,1.363300675765854806e-32,5.921987487117994284e-33,5.252997814633556031e-33
7.750000000000000000e+00,2.182318111320065370e-32,3.190528298801138924e-32,8.956560338498760674e-32,3.337440689287731490e-32
8.000000000000000000e+00,1.964698650117973890e-32,1.324961009512417902e-32,1.171977715458365480e-32,1.995077176961347420e-32
8.250000000000000000e+00,1.267734791153101704e-32,1.704191159545928153e-33,1.028978918195302455e-33,7.155302568347387694e-33
8.500000000000000000e+00,1.298346511587319522e-32,2.597943953491743345e-33,9.408849972173531057e-33,3.074277570274718057e-32
8.750000000000000000e+00,4.150602942075934421e-31,2.608646599678284964e-31,3.674224824830351910e-31,1.962902610854711617e-32
9.000000000000000000e+00,8.408137723563632170e-32,2.687811316506891735e-32,1.073580778983202731e-32,7.606684842481630274e-32
9.250000000000000000e+00,1.176730022948619387e-32,2.030159669730869443e-32,2.979257938696700929e-32,1.565622006846083272e-32
9.500000000000000000e+00,4.967538830263369664e-33,1.125882368597249158e-32,2.359699021230743587e-32,9.465410688172051621e-33
9.750000000000000000e+00,4.156161787315862455e+01,4.152605895338183473e+01,4.151292264883100103e+01,4.153175155003361141e+01
1.000000000000000000e+01,1.662464714926344129e+02,1.661042358135272821e+02,1.660516905953240041e+02,1.661270062001343604e+02
1.025000000000000000e+01,4.156161787315860323e+01,4.152605895338182052e+01,4.151292264883100813e+01,4.153175155003359009e+01
1.050000000000000000e+01,1.605711096995925645e-32,2.990378585836894413e-32,4.114552810061441805e-32,1.909245296755646371e-32
1.075000000000000000e+01,1.548443229587350244e-32,2.004934745148436151e-32,1.432123516632472543e-32,1.915475692373211829e-32
1.100000000000000000e+01,3.995708235806673739e-32,4.506450145277638780e-32,5.821969689790718476e-32,4.428947010519983776e-32
1.125000000000000000e+01,1.528943866279953823e-31,1.399163602377055949e-31,4.634812275689328354e-32,9.720881676626210365e-32
1.150000000000000000e+01,1.065187660838938886e-31,7.565811017966614194e-32,8.105952285717128577e-32,1.534313639160005689e-31
1.175000000000000000e+01,1.825244255315195757e-32,6.875749884701734548e-33,3.727705735546637841e-33,1.378921391014307080e-32
1.200000000000000000e+01,8.603342992536759435e-33,5.457615826009109695e-33,1.541365182410104248e-32,1.812182227386771044e-33
1.225000000000000000e+01,2.773967337279154148e-32,5.145391010490452635e-32,7.263140332369299473e-32,4.828910599158560772e-32
1.250000000000000000e+01,4.870152100172230226e-33,3.029935917186979082e-33,1.206650181766025441e-32,2.360474996428677647e-32
1.275000000000000000e+01,9.665047980292235156e-33,3.634719699118699683e-32,1.104707894438864001e-32,3.621926245579310313e-33
1.300000000000000000e+01,1.041297599805087037e-32,4.777279398042028540e-33,1.750266765624985762e-32,4.403233279158212300e-33
1.325000000000000000e+01,5.882922704379947068e-33,4.810664264548149908e-33,5.241046973736209378e-34,1.931304781777154049e-32
1.350000000000000000e+01,1.792368159750387023e-33,1.168960078783835600e-33,4.007751670760455314e-32,3.329311192262532109e-32
1.375000000000000000e+01,3.112135504511899004e-33,1.241686459435213022e-32,2.490065103109701813e-32,2.849085703070356004e-33
1.400000000000000000e+01,4.822842379241638703e-32,3.238627700978539132e-32,4.631551219853178848e-32,3.392650983918553551e-32
1.425000000000000000e+01,1.615504702670811628e-34,7.594936592498603420e-34,4.904379706049568690e-33,1.847686767238613128e-33
1.450000000000000000e+01,1.653918785327091008e-35,6.854890486426689328e-33,7.860223717716435602e-34,1.914724905784752358e-32
1.475000000000000000e+01,2.820126768648560209e-32,2.042208732451954941e-32,7.952510976125913782e-32,2.404433165213667187e-32
1.500000000000000000e+01,6.688274713747907748e-32,2.204260541581318416e-31,4.583832103831708935e-32,1.088405918008454003e-32
1.525000000000000000e+01,4.370644788654100211e-32,1.122160530808679351e-31,2.644498085071202603e-32,7.149368968349128811e-32
1.550000000000000000e+01,3.367276263266261027e-33,1.030880939292437952e-32,8.035107265779132041e-33,2.592377705419884625e-33
1.575000000000000000e+01,2.474249986054148333e-33,2.041339081299175576e-34,4.909929963983708386e-33,3.946153454812581442e-33
1.600000000000000000e+01,8.856082543515674518e-32,4.261756154056053823e-32,9.521159944934813911e-32,7.475899426014833717e-32
1.625000000000000000e+01,5.892516894412422861e-32,4.598302307758124439e-31,3.230415743854674043e-31,4.642359343593263663e-31
1.650000000000000000e+01,1.359407086270919468e-31,5.446805777449775702e-32,6.978806181481549082e-32,2.054291103955531758e-31
1.675000000000000000e+01,3.918481572919660892e-34,8.313162132657539672e-34,5.886633323517791486e-33,7.798201685339730006e-33
1.700000000000000000e+01,3.368241937701607866e-33,1.066918217704999566e-32,3.568335954248557041e-33,1.380395412418971604e-33
1.725000000000000000e+01,5.385619803666221340e-32,2.053684081111049378e-33,2.722789759417858335e-32,8.289293445338723633e-33
1.750000000000000000e+01,1.142996468041201498e-31,9.225151002155736492e-32,5.870064313480579556e-32,2.936932535003075644e-32
1.775000000000000000e+01,4.313998727106229052e-32,8.220229944855715494e-33,1.754855070507412190e-32,1.826291021916150048e-32
1.800000000000000000e+01,1.319141726032741045e-32,4.854624569651328118e-33,9.239275619770033987e-34,3.527376178243372661e-33
1.825000000000000000e+01,2.151703239880181875e-34,8.682140925909019855e-33,2.101251540750589480e-33,4.521319331103166762e-33
1.850000000000000000e+01,5.265697475510394067e-33,1.252146345824712559e-32,5.502065941028002642e-33,5.589249562505358596e-32
1.875000000000000000e+01,1.244147273226830355e-32,1.023966747276717019e-32,3.410434968311593989e-34,1.486886052610944469e-32
1.900000000000000000e+01,4.019187657263378813e-32,8.396542002041062475e-32,1.115476442245383260e-32,1.201295854630156460e-31
1.925000000000000000e+01,1.118640312074021479e-32,4.665154143951018838e-32,3.083555963571141681e-32,4.030062770048030859e-32
1.950000000000000000e+01,1.937242143420622198e-32,3.683014501100619810e-32,3.977371533973298555e-32,2.440518202015026689e-32
1.975000000000000000e+01,7.118008748596503552e-09,8.167631327667127786e-07,1.174963486381059239e-06,2.148132190444398704e-06
2.000000000000000000e+01,2.847203499414845786e-08,3.267052531069039847e-06,4.699853945525698933e-06,8.592528761776940905e-06
2.025000000000000000e+01,7.118008748571420127e-09,8.167631327674514972e-07,1.174963486381489531e-06,2.148132190443840932e-06
2.050000000000000000e+01,1.154291132559863083e-32,6.013320079539213570e-33,2.081567316252160175e-33,3.103096403508378927e-32
2.075000000000000000e+01,2.200931235319600214e-33,1.161572155393663500e-32,3.243910309275201730e-33,1.083909340554932020e-32
2.100000000000000000e+01,3.707250005560394288e-32,3.725394020821693440e-32,2.418449669759936497e-31,6.050649984411552639e-32
2.125000000000000000e+01,1.221140644045098022e-30,3.508839741159860316e-31,4.356123867795674854e-31,3.693359058186559055e-32
2.150000000000000000e+01,6.971438745477287875e-32,1.081067189450487213e-31,4.222676981027581308e-31,1.209380724566867789e-32
2.175000000000000000e+01,6.000201416867882606e-33,1.192315008833521056e-33,4.095959261943076173e-34,1.017868216063954800e-32
2.200000000000000000e+01,2.872982679300398141e-34,1.106614064432504756e-32,3.337566929318611747e-34,1.609564852940721197e-33
2.225000000000000000e+01,3.783662349918701793e-32,5.629003091107636748e-32,6.872342165775769926e-32,8.760357284028123884e-32
2.250000000000000000e+01,1.933557611153893866e-32,7.057551594106167657e-32,1.755114005047511044e-32,1.149609834258913547e-31
2.275000000000000000e+01,3.037990171826122277e-32,6.042315846072857224e-32,2.625340014724222528e-32,1.416457239680965589e-32
2.300000000000000000e+01,5.477049428699541964e-33,2.620511724715937642e-32,6.135835264465684759e-33,8.894975258834634292e-33
2.325000000000000000e+01,7.763881425690316541e-34,2.210557028391623504e-33,1.425422573791915575e-32,1.675176043860603188e-32
2.350000000000000000e+01,1.744276353385755301e-33,4.739079502818434758e-34,1.202997194524903416e-34,4.953395773517951170e-33
2.375000000000000000e+01,3.912561196149681140e-33,2.069044842471011220e-33,8.133874385573777657e-33,1.528863918017008740e-32
2.400000000000000000e+01,2.019271008259807259e-33,3.327758013452581690e-33,2.124347297454755352e-32,1.590052790475676827e-32
2.425000000000000000e+01,1.419884162050272775e-33,5.625095446457767636e-34,2.487885000152677108e-34,7.884110112637114656e-34
2.450000000000000000e+01,1.800023892458365301e-33,1.206768151199126931e-34,2.010093310277165470e-33,2.429960189837931794e-33
2.475000000000000000e+01,5.768989380450072721e-34,3.901997264293052392e-33,3.979917710268725218e-33,1.457004226412558613e-33
2.500000000000000000e+01,1.701523951731899127e-32,3.953524693309506804e-32,2.595714249029657830e-32,1.140378896902080784e-32
2.525000000000000000e+01,1.733087749973279439e-32,2.285501550249868702e-32,6.038122939510581950e-33,1.331699671274016296e-33
2.550000000000000000e+01,7.252805822013171914e-33,5.862982497775666865e-33,5.616005698896171900e-33,2.507348658431444772e-34
2.575000000000000000e+01,5.993817742240912022e-34,1.199976492059896801e-32,2.424710214471579695e-33,2.114545967603497504e-33
2.600000000000000000e+01,3.642581716075397786e-33,2.802000836466905269e-32,3.135162932171150511e-33,6.551700849747381480e-33
2.625000000000000000e+01,1.242956973143066216e-32,1.259587147602709758e-32,2.781003495940916163e-33,4.969278021551110586e-33
2.650000000000000000e+01,1.557513062949630608e-32,6.923198525434732308e-33,2.335615745699462623e-32,2.103118037475279341e-33
2.675000000000000000e+01,1.050686746779861246e-32,8.311160145002328420e-34,3.647120880862131003e-34,3.593367177610106614e-34
2.700000000000000000e+01,4.665805276694606547e-33,1.874017036917768635e-33,9.032687761986874367e-33,8.637689156568091789e-33
2.725000000000000000e+01,1.252006319930774498e-32,8.023130712093917575e-32,3.072241420899610767e-32,2.555052287012389944e-32
2.750000000000000000e+01,1.265291869708122912e-31,5.307207473791676882e-32,6.220080596721214058e-33,3.441747507662506235e-32
2.775000000000000000e+01,6.520774391629209461e-33,5.530953618363001059e-32,7.638194797212533195e-34,4.431848949740216438e-32
2.800000000000000000e+01,9.654090363014093104e-33,1.868897930887827956e-32,1.417683811665850286e-32,1.378553795797181530e-32
2.825000000000000000e+01,9.522487532941693918e-33,4.430255509260159333e-33,4.578492784232913847e-33,3.997423752248670807e-33
2.850000000000000000e+01,1.059761309900315144e-32,8.750360626645851395e-34,5.383540613438806364e-33,9.769070950878648872e-33
2.875000000000000000e+01,1.135862037671223229e-31,6.799249588752355034e-32,3.617342575939355164e-32,2.288698735746372900e-33
2.900000000000000000e+01,5.760559127774902228e-32,4.834413308510617651e-32,2.511641357796369095e-32,4.199252052877354554e-33
2.925000000000000000e+01,2.370305634709700943e-33,1.876839870126228747e-33,1.787822197984923283e-34,4.571619941966191325e-33
2.950000000000000000e+01,9.213061337614978749e-34,6.397906702154447195e-33,9.910108292860842171e-33,9.024708848193115302e-35
2.975000000000000000e+01,1.825245338246610935e-05,1.072022872892631809e-05,1.866341113958518136e-06,7.908407051256453429e-06
3.000000000000000000e+01,7.300981352985882664e-05,4.288091491570495388e-05,7.465364455833028999e-06,3.163362820502521063e-05
3.025000000000000000e+01,1.825245338246558757e-05,1.072022872892650783e-05,1.866341113958373928e-06,7.908407051256282328e-06
3.050000000000000000e+01,1.829790745904535242e-32,1.056458049513800544e-32,1.380717603648435541e-32,6.815447408478592463e-33
3.075000000000000000e+01,9.032149780556332199e-34,4.298343964845458082e-33,4.407571288874440582e-33,5.296801676964397316e-33
3.100000000000000000e+01,8.943210148229922006e-33,2.420086798162562315e-32,1.048898784081969750e-33,4.679477904579818206e-33
3.125000000000000000e+01,2.790572923691836601e-32,1.738032627633019498e-33,1.178206247758771764e-32,2.338819014428545839e-32
3.150000000000000000e+01,1.834335146979277483e-33,3.384137813829878400e-32,3.128880658360023622e-33,2.510231019923470418e-32
3.175000000000000000e+01,1.252308862779717053e-33,6.166733124003705795e-34,1.233107718240619431e-33,4.641169068161978810e-33
3.200000000000000000e+01,5.114378623023916728e-33,3.269819682675085587e-33,1.912405974399032632e-33,6.763096887878732327e-34
3.225000000000000000e+01,3.185431457633041594e-33,1.335889385427965863e-33,3.489185039160760439e-33,1.087555648125655888e-32
3.250000000000000000e+01,3.033715567732015935e-33,9.967405709243414528e-33,1.694890830405861036e-32,3.462387438278812611e-32
3.275000000000000000e+01,2.546400547640638139e-33,7.021990089027437051e-33,1.248514871989936735e-32,8.439687959122309642e-33
3.300000000000000000e+01,2.099895539381219960e-33,2.289242419412281509e-33,1.178857784355179288e-32,2.075331997019866209e-33
3.325000000000000000e+01,8.969753103088287901e-33,1.480703989430286987e-32,3.030720495811816011e-33,1.913567098852164654e-32
3.350000000000000000e+01,2.735647348799364574e-33,2.656828738097550292e-32,1.849358646598111355e-32,3.314670139786039513e-32
3.375000000000000000e+01,4.914276493370932822e-32,3.801239188038625550e-32,1.993236498499040289e-32,9.068093696133977942e-32
3.400000000000000000e+01,1.028260768224413498e-32,8.670558351092275197e-33,4.056454810379535186e-32,1.437142160020271715e-32
3.425000000000000000e+01,2.588880140273716988e-34,2.115749861448864868e-33,4.728494797143539069e-33,6.750122342379316007e-33
3.450000000000000000e+01,7.783283635798521676e-34,1.810138551898616772e-33,7.734880782219125819e-34,3.544017785248704564e-33
3.475000000000000000e+01,4.179773797949416223e-32,1.613760414991265021e-32,6.380355493155511086e-32,1.496248430650842321e-32
3.500000000000000000e+01,3.511969491216793927e-32,3.233519008453448461e-31,3.183562119367335340e-33,4.376739879458461395e-32
3.525000000000000000e+01,2.240785302533844240e-32,2.467263849827336999e-32,6.658241770957912631e-33,4.039563127539142656e-34
3.550000000000000000e+01,6.200171805439834110e-33,1.754796815368551047e-33,3.819229309341398895e-33,1.529944243898016404e-33
3.575000000000000000e+01,2.756132332858402586e-33,1.959137664033980914e-33,1.302041582810229271e-33,3.264157756716678021e-33
3.600000000000000000e+01,1.922162668927000021e-32,2.960662958947617475e-34,1.472952631503181871e-32,2.571793760949317869e-32
3.625000000000000000e+01,3.428851958093428041e-32,6.826912511321396986e-33,7.158132856811424392e-32,2.470618575976829442e-32
3.650000000000000000e+01,1.768461707176718243e-33,1.595038978853134837e-33,3.257957100319579381e-33,1.082036785570203415e-32
3.675000000000000000e+01,6.932562849542475553e-33,4.570212615397208282e-33,2.249745765636714481e-33,1.001581770361866156e-32
3.700000000000000000e+01,9.418314716784729934e-33,1.767101592305713058e-34,2.723135740270698675e-33,5.338071668590028755e-33
3.725000000000000000e+01,2.311306398870561900e-32,7.141213950644213486e-34,6.273386236664642331e-33,1.316840569185601817e-32
3.750000000000000000e+01,8.792184910497691325e-33,2.145877079310412166e-32,5.188451542278467557e-32,5.835109465562633270e-32
3.775000000000000000e+01,3.620581454894654922e-32,8.741005501957844041e-33,9.136585353669768927e-33,9.543162814568009667e-33
3.800000000000000000e+01,1.360333618606429817e-32,5.655736382823072627e-33,2.835230372326487169e-33,5.206998951565160889e-34
3.825000000000000000e+01,9.662394153845494856e-34,3.955138508618461866e-34,3.330042757240335636e-33,1.412157437499623706e-33
3.850000000000000000e+01,9.238864470452283719e-33,4.109754955989452711e-33,2.909961776467904262e-33,1.824452065242046587e-32
3.875000000000000000e+01,2.394630871488482059e-33,5.513449573879736405e-34,3.650154873532205356e-33,3.285675438918259938e-33
3.900000000000000000e+01,1.557005984517813972e-32,1.375909232967454842e-32,1.149173702727843245e-32,2.524411163826829555e-32
3.925000000000000000e+01,5.477221268944852163e-32,4.413551180965002939e-32,3.436556670629342695e-32,3.035125589792104000e-32
3.950000000000000000e+01,3.476380134449445895e-32,2.772534956865605818e-32,3.458657680939505154e-32,2.286424186027926265e-32
3.975000000000000000e+01,1.348824792139360050e-07,2.434101149353341439e-06,6.357465656276173870e-06,2.390508465378058254e-06
4.000000000000000000e+01,5.395299168542983467e-07,9.736404597416841979e-06,2.542986262510369259e-05,9.562033861511103072e-06
4.025000000000000000e+01,1.348824792137179735e-07,2.434101149354003395e-06,6.357465656274785583e-06,2.390508465377271360e-06
4.050000000000000000e+01,1.362478856773002554e-32,1.505122563207114185e-32,1.489839315549825979e-32,1.208623137709233970e-32
4.075000000000000000e+01,4.519876948755609589e-33,1.206594687084885897e-32,2.068483701265009467e-32,4.797541648421963874e-32
4.100000000000000000e+01,9.589179562286755960e-32,4.363649900259481347e-32,6.506787284799972878e-31,6.592261960518483689e-32
4.125000000000000000e+01,1.792550544740148181e-30,5.733930234510986369e-31,3.646437829705182794e-31,1.065419566906806630e-31
4.150000000000000000e+01,1.118493842341538208e-31,2.120329230494776483e-31,7.863518398260993816e-32,2.054106278117472515e-31
4.175000000000000000e+01,4.477885196985423370e-33,3.611743577454244419e-33,3.541877622409629473e-33,7.030384916269666221e-34
4.200000000000000000e+01,2.067346397437177516e-33,1.643398308374652682e-33,2.548275444514652787e-33,4.044371598267910552e-33
4.225000000000000000e+01,1.914120398140190365e-33,1.327324063114066422e-32,5.178102877979097773e-33,1.371648482682133160e-33
4.250000000000000000e+01,4.299548886219559620e-32,4.061522972298635336e-33,8.597478411175578659e-33,6.278322553036320373e-32
4.275000000000000000e+01,1.186912706993553728e-32,2.433356670760906015e-33,1.567124512553396425e-32,1.021280570890022396e-32
4.300000000000000000e+01,1.730295713641723823e-34,4.793947060021799981e-33,2.858976427813576994e-34,4.940799319493216611e-33
4.325000000000000000e+01,3.265815402053647616e-33,3.619092109930726584e-33,4.149611289679178454e-33,1.505886943942162971e-32
4.350000000000000000e+01,6.797271367181802082e-34,2.280489520747327334e-34,1.346451317129548538e-32,1.381883393524724155e-32
4.375000000000000000e+01,3.810457000658039399e-33,1.426048443915496557e-33,3.029402093485878871e-33,5.243046759528839670e-33
4.400000000000000000e+01,2.215964834044551104e-33,3.722595680150319412e-33,2.123517347771022930e-32,1.195420525698354082e-32
4.425000000000000000e+01,4.638581921295831026e-34,4.800300949325987931e-33,1.675626153839624756e-34,2.518693037613053063e-33
4.450000000000000000e+01,1.646443208439629779e-33,2.598781269262288684e-33,2.905061500184337578e-33,1.282981963918887847e-33
4.475000000000000000e+01,1.019155893515978827e-32,7.382753446452024289e-33,2.154104027039964712e-33,5.956591671935471416e-33
4.500000000000000000e+01,1.702481253718970679e-32,5.996999781681103428e-33,8.453569899903361553e-33,1.996974403116920041e-32
4.525000000000000000e+01,1.583810876199488759e-32,6.178912424273514411e-32,1.596259009678956135e-32,6.517344995572844180e-33
4.550000000000000000e+01,2.202132155682180083e-33,1.233766664977262533e-33,5.601043931869717925e-33,2.000332930492755237e-33
4.575000000000000000e+01,8.549189314097638816e-33,7.679666137701464692e-33,2.203470489611224216e-33,7.426645022341948625e-33
4.600000000000000000e+01,8.748102726673208426e-32,1.363486013103971323e-31,4.763701346854902170e-33,3.470917525037522255e-32
4.625000000000000000e+01,5.410055290893339531e-33,7.811898429115317928e-32,3.191874133610579113e-31,1.913371830512201005e-31
4.650000000000000000e+01,3.331083551074996663e-33,4.423813425302262339e-32,3.124257022426925570e-32,6.067311746743307710e-32
4.675000000000000000e+01,1.153480918752883339e-32,6.909700781682462014e-33,4.927737731511587903e-33,3.485184757059425171e-33
4.700000000000000000e+01,1.278278177627542692e-32,4.525937837959321397e-33,1.039632644117651799e-32,1.832164062882493210e-32
4.725000000000000000e+01,7.523787668961602884e-33,4.022853306421894963e-32,2.403516132394779862e-32,5.310908452520155538e-32
4.750000000000000000e+01,1.599732876553154872e-31,4.804815461158870137e-31,9.328088155811787167e-32,3.250563980692482586e-32
4.775000000000000000e+01,1.855171490683445837e-32,1.349019173688266227e-32,8.903052731667856401e-33,6.287679796690078703e-32
4.800000000000000000e+01,6.489821520250772815e-33,3.015051016477420696e-33,2.816960350097829620e-33,1.861467635501676564e-34
4.825000000000000000e+01,6.248757334306957032e-33,1.520752885909078138e-33,3.328446279427280185e-33,3.172644619834443187e-34
4.850000000000000000e+01,2.139490179682326593e-32,6.309735707148530578e-32,3.215253209263404287e-32,1.288347390012468723e-32
4.875000000000000000e+01,8.894329556062491358e-33,1.001723685960224832e-32,2.984972723356741759e-32,2.199391180524954718e-32
4.900000000000000000e+01,3.948933022703910484e-32,1.945055297260930763e-32,1.698340175507012915e-32,2.326336609889057570e-32
4.925000000000000000e+01,1.669815864731748814e-32,9.206426715672777952e-33,1.651496934814149404e-32,2.434559831622382403e-32
4.950000000000000000e+01,4.489651438152925748e-32,2.003721948284817802e-32,5.948266899306056354e-32,4.625047893089204494e-32
4.975000000000000000e+01,1.472918865541538705e-06,2.790337549018991683e-06,1.880023627443117925e-06,6.646489201677452631e-06
5.000000000000000000e+01,5.891675462165611024e-06,1.116135019607516375e-05,7.520094509773040059e-06,2.658595680671283274e-05
5.025000000000000000e+01,1.472918865541796415e-06,2.790337549018825665e-06,1.880023627443247309e-06,6.646489201678132798e-06
5.050000000000000000e+01,8.360654249542227923e-34,1.112380126098111493e-32,1.109632373933283668e-32,2.931908411905207432e-33
5.075000000000000000e+01,8.065437658560179322e-33,3.809677754391850547e-33,2.631808049465643217e-33,7.126855980922275599e-33
5.100000000000000000e+01,4.116833806157905063e-34,4.931587308628613851e-34,1.140305749495864916e-32,1.039178456395408346e-32
5.125000000000000000e+01,4.545920811975852434e-33,2.077776280445637137e-33,6.200993906024309859e-32,5.485487776672365839e-33
5.150000000000000000e+01,3.124710243459608429e-33,3.277206129517688613e-33,5.529185716683896065e-33,3.079804379762509526e-32
5.175000000000000000e+01,7.173571516671523407e-33,3.762486803723628766e-33,3.308513167309393399e-33,8.560832791465317016e-34
5.200000000000000000e+01,2.167334058808568981e-34,1.327002473028560425e-32,1.542392549887868722e-33,1.169989900532837739e-32
5.225000000000000000e+01,5.434930772754831712e-32,4.627400471751468644e-32,5.192644918044551354e-32,5.605193857299268284e-33
5.250000000000000000e+01,3.601675461282778953e-31,1.153196580548362330e-30,5.520378848251792447e-31,1.457350402897809754e-30
5.275000000000000000e+01,2.113710587312884056e-31,6.059722968389462068e-31,2.184199857442783482e-32,9.528829557408756082e-32
5.300000000000000000e+01,1.350158512206957151e-33,9.166078221395133455e-33,4.313879431357231321e-33,8.815308435115113192e-34
5.325000000000000000e+01,2.010058007872605920e-33,3.270198679496772068e-33,9.686463381207005449e-34,3.611927779176528940e-33
5.350000000000000000e+01,3.885522742511389459e-32,1.952654647376933235e-32,3.943896188559113630e-32,5.353959772189518996e-33
5.375000000000000000e+01,1.461141528513522120e-33,6.466503751849246706e-32,6.675875316478002259e-32,1.378752896952847520e-31
5.400000000000000000e+01,6.517641876509830610e-32,8.548634493592180560e-33,9.306932407967033229e-33,1.120215651600085872e-32
5.425000000000000000e+01,1.059716789483630953e-32,7.754029000979855335e-33,4.910091790103978719e-33,3.139156582717837165e-33
5.450000000000000000e+01,4.358246836762457491e-33,3.541614138085492645e-33,3.144565043947558028e-34,5.574524775416452362e-33
5.475000000000000000e+01,7.971442585014622455e-33,2.566531934818987201e-32,2.451945700720856608e-32,1.386269508359968655e-34
5.500000000000000000e+01,7.694351455540387225e-33,2.532540782341918694e-32,3.873969317160670582e-32,6.419708211641024538e-33
5.525000000000000000e+01,9.134844922133993585e-33,2.723331280195371914e-32,3.852269140479432046e-32,1.026091745175009508e-33
5.550000000000000000e+01,2.283307641189229703e-33,4.372424913990147543e-33,7.074689902509985670e-33,4.365962458240585113e-33
5.575000000000000000e+01,5.210648860127318548e-33,7.803669907059633937e-33,7.164882486255610316e-34,6.181919049093896394e-33
5.600000000000000000e+01,1.474780082725236227e-32,4.226653347385298942e-33,3.797606119966734634e-33,1.266797071422036561e-32
5.625000000000000000e+01,1.099806207851655192e-32,1.164156525490160439e-33,6.715374372480264983e-33,1.345381396680573728e-33
5.650000000000000000e+01,6.290327123167039189e-33,2.426577082961433975e-33,7.321614743336155644e-33,4.220756479564642023e-33
5.675000000000000000e+01,1.173070713040290100e-34,2.703353340208912808e-33,2.954639487184159186e-33,2.835570033142723809e-33
5.700000000000000000e+01,8.166357765612205321e-33,3.053323036803871193e-33,7.232169015129446734e-33,4.892187619882139646e-33
5.725000000000000000e+01,2.531287435180325837e-32,9.113002705426260710e-33,1.874035686597892003e-32,2.644604378068610192e-32
5.750000000000000000e+01,1.149956722916480021e-32,6.580096787072514597e-34,6.227420811331200911e-33,5.879983267452464699e-32
5.775000000000000000e+01,3.943105627534908085e-32,2.048214996949635357e-32,3.399059117895428412e-32,2.997896347809289761e-33
5.800000000000000000e+01,3.226039912642878537e-33,2.314019819323988269e-33,8.385496403425173016e-33,9.084565680961702897e-35
5.825000000000000000e+01,2.433964999942775896e-33,2.538390854974319853e-33,1.558648483902293616e-32,7.588636470611888919e-33
5.850000000000000000e+01,8.339869864534354349e-32,2.846918401439532560e-32,1.693644253966261260e-32,2.459716087143768809e-32
5.875000000000000000e+01,1.071642996796916352e-32,5.498325075364573805e-32,8.524415400290958462e-33,1.276042801322987306e-32
5.900000000000000000e+01,7.277682296712110826e-33,2.264253395689120493e-32,4.291783965723081405e-32,7.818775158958024816e-32
5.925000000000000000e+01,5.151203527079122745e-33,4.634259959270241382e-34,3.744311698760748690e-34,7.941209438504562293e-33
5.950000000000000000e+01,1.820028600766538673e-33,5.728490128741145330e-34,8.435862436637709358e-34,2.924675813649525005e-33
5.975000000000000000e+01,1.336265786329142604e-06,7.826211463484295639e-06,3.748139888220625416e-07,2.449946021237487296e-06
6.000000000000000000e+01,5.345063145314898374e-06,3.130484585393345561e-05,1.499255955288365151e-06,9.799784084951485702e-06
6.025000000000000000e+01,1.336265786328819038e-06,7.826211463483367291e-06,3.748139888221891201e-07,2.449946021237868461e-06
6.050000000000000000e+01,5.374996406587437852e-33,3.627357011721863011e-33,6.685030039358800973e-33,1.105634121558635957e-32
6.075000000000000000e+01,2.584217282594548719e-32,3.178082118633946458e-32,2.731517262598566194e-32,5.052888481386163549e-32
6.100000000000000000e+01,2.123687534654027621e-33,1.788633292487939118e-32,1.207631920436953348e-32,2.674338586890088825e-33
6.125000000000000000e+01,5.957447320438222880e-33,8.113620331288613777e-33,4.673321938033282636e-33,3.687501957330140467e-32
6.150000000000000000e+01,1.182116654389432442e-32,5.946030235741496637e-33,1.066626832669084358e-32,8.704552006587435892e-33
6.175000000000000000e+01,8.606357264367260689e-33,1.778980888137885837e-32,9.520737948932693552e-33,1.056904437258575057e-32
6.200000000000000000e+01,3.019583000474778239e-33,3.367294924410208022e-33,2.469000123548047353e-32,1.986463093885872990e-33
6.225000000000000000e+01,1.470212474449741688e-33,3.494861700079200845e-33,4.684327888826567805e-35,5.564452304226107750e-33
6.250000000000000000e+01,1.920764184107727774e-32,1.747517713811319726e-32,4.522745531829609785e-33,2.001366214917036100e-32
6.275000000000000000e+01,5.048160135547965917e-33,5.208999637069778266e-33,1.530574728902720179e-32,1.470989463259730098e-32
6.300000000000000000e+01,3.613652965359545942e-33,6.751464457770821305e-33,1.322754155306853269e-33,3.433463493163525557e-33
6.325000000000000000e+01,8.876453247025918807e-34,2.854894008178110403e-34,3.095287865650137542e-34,1.042123266532186560e-32
6.350000000000000000e+01,9.036632474217915942e-34,5.852168598679953673e-33,5.581575799453346955e-33,1.761228915381981342e-32
6.375000000000000000e+01,2.054512256198736436e-32,3.873640963710730692e-32,3.435164637385364076e-33,1.832732460852955637e-32
6.400000000000000000e+01,2.082409171569917255e-32,1.710985926612508450e-32,6.178619205561009491e-33,1.304879527215770786e-33
6.425000000000000000e+01,3.962377189700503787e-33,2.341157856967939088e-32,5.834117755948584962e-33,2.437264655583454207e-33
6.450000000000000000e+01,1.254159844037750912e-32,2.435500271162537092e-33,6.404256388470617137e-33,1.848754525304353017e-35
6.475000000000000000e+01,1.256042397033409211e-32,9.704274109402743952e-34,2.689160417701108446e-32,2.351409121597796650e-32
6.500000000000000000e+01,1.211111132375295993e-32,2.263331367894360453e-32,4.357338814980844165e-33,6.918077265014235523e-33
6.525000000000000000e+01,2.061617483096149525e-32,3.913742728811552546e-32,3.770103675952955290e-32,2.827325347747407136e-32
6.550000000000000000e+01,6.673072942276844463e-33,2.909171800190348717e-33,1.651852897143645523e-33,4.466027268716809890e-33
6.575000000000000000e+01,7.850920893557839625e-33,3.932592118368858722e-33,1.052190679741842967e-32,1.255739637127782218e-32
6.600000000000000000e+01,1.074696481911657960e-32,1.004982809963526339e-32,1.823803154814041042e-32,4.938952760907793029e-33
6.625000000000000000e+01,5.253004528534702334e-32,5.243130013407354109e-33,9.960779435894234457e-32,3.309616270826304875e-32
6.650000000000000000e+01,8.314100870583824984e-32,3.422741333929858680e-32,5.636918082582233985e-32,6.734595651498382992e-32
6.675000000000000000e+01,2.113845184970342739e-34,1.848605535985485610e-35,4.231416761974052339e-33,6.606098875844147518e-34
6.700000000000000000e+01,7.326737477579399514e-33,5.023947011875414870e-33,6.515915596551572329e-33,1.436689376950313188e-33
6.725000000000000000e+01,1.334821816844660822e-32,7.610393208590143152e-33,6.781466139200081556e-33,1.564974783120947320e-32
6.750000000000000000e+01,9.633774572050349938e-34,6.524612491782488976e-33,7.035441405762288796e-32,3.417052374132372866e-32
6.775000000000000000e+01,9.395838655589423449e-33,6.145629944680978224e-33,1.496369774994252487e-32,1.455331158742094705e-32
6.800000000000000000e+01,3.888245884989330388e-33,1.794395415781082235e-33,1.850627779188325239e-33,9.356260447193187861e-33
6.825000000000000000e+01,4.993387443449700032e-33,2.797025949597350640e-33,1.735661453863217096e-32,1.747702260200548254e-33
6.850000000000000000e+01,5.215295395869647688e-32,3.597383821792061664e-32,2.977967900651345306e-32,3.054775959056651348e-32
6.875000000000000000e+01,4.876025783648267880e-34,3.916324841262049631e-33,5.052676344202522199e-33,1.741917702790836319e-32
6.900000000000000000e+01,1.723390373951596399e-32,2.004263593158088627e-32,3.196964334667984482e-33,2.023554710450634303e-32
6.925000000000000000e+01,1.693743472941804267e-32,1.228660449631940899e-32,1.065720361820807062e-32,4.869146811472065365e-32
6.950000000000000000e+01,4.157401835311411013e-32,2.885165394480243303e-32,5.518426520917546232e-32,2.508941210682379846e-32
6.975000000000000000e+01,2.359599419658266986e-07,8.437146634108889945e-06,3.246108725487730387e-06,9.772100428054789339e-07
7.000000000000000000e+01,9.438397678636494192e-07,3.374858653643263243e-05,1.298443490195157207e-05,3.908840171220446134e-06
7.025000000000000000e+01,2.359599419655401368e-07,8.437146634108095428e-06,3.246108725487893018e-06,9.772100428055500847e-07
7.050000000000000000e+01,1.974484105369487621e-32,7.122956093658298819e-33,1.309637758095609334e-32,6.285280808758233528e-33
7.075000000000000000e+01,1.162953314296221178e-32,1.547293689756240761e-32,2.019255988939603699e-32,3.744713991014748629e-32
7.100000000000000000e+01,2.370240260576357863e-33,5.072676025983920742e-33,5.958056578883102880e-32,2.091380249043850351e-32
7.125000000000000000e+01,2.158124303146843735e-32,7.059435072539134989e-32,7.691131889720477962e-33,4.540874416151035351e-33
7.150000000000000000e+01,1.972116156933257139e-32,1.845436032294000798e-32,4.867695422056692079e-32,4.804933280904475344e-33
7.175000000000000000e+01,5.767947430358152492e-33,9.317418960811956228e-33,1.037597023522744448e-32,6.965864741740019022e-34
7.200000000000000000e+01,1.606443161027157762e-32,2.220647128396836093e-34,2.441070832148127138e-33,2.610498362726173583e-32
7.225000000000000000e+01,5.754854608245852588e-31,3.027697572756974885e-31,3.481007960073238664e-31,9.528829557408756082e-32
7.250000000000000000e+01,3.601675461282778953e-31,1.966093801038679945e-30,3.560035200573023048e-31,1.457350402897809754e-30
7.275000000000000000e+01,2.602340482205142286e-31,1.618188172347206103e-31,1.386501419677296190e-31,5.605193857299268284e-33
7.300000000000000000e+01,8.392957619576547783e-33,3.129847017256362805e-33,1.034139556578402110e-32,4.854373841233734129e-33
7.325000000000000000e+01,1.989296203214985917e-33,5.292449438474713139e-33,6.894716101099721397e-33,1.693378890848382297e-34
7.350000000000000000e+01,7.153737032566442168e-33,2.587398040921820098e-34,1.013576384032160216e-32,7.461435074901707660e-33
7.375000000000000000e+01,3.234722372705400485e-33,3.180066411512404446e-33,5.251459485660078485e-33,6.787161539731679712e-33
7.400000000000000000e+01,2.714087231778266571e-32,1.329450549950834803e-32,2.980979034165837844e-32,3.622671603314784652e-33
7.425000000000000000e+01,1.758751128179217851e-32,5.470945405025576581e-33,3.520554540489673245e-33,6.285040495838390743e-33
7.450000000000000000e+01,3.433713804035450480e-33,6.475113892780598998e-33,1.363863240042362282e-33,1.392452285451581383e-32
7.475000000000000000e+01,2.387270529914780840e-35,3.328067281630237972e-32,5.016512084372042008e-34,2.848313232633406102e-33
7.500000000000000000e+01,3.321982088126458549e-33,9.613961389848728661e-33,1.181362001860750476e-34,8.051864055035344916e-34
7.525000000000000000e+01,3.637934766923000559e-33,2.554449434670544421e-32,3.695526190438430278e-33,7.723354544517913149e-35
7.550000000000000000e+01,6.781336255839887262e-33,2.256658050065955052e-33,8.086197316195725008e-34,4.422328876680492195e-33
7.575000000000000000e+01,3.315147201829683696e-33,5.236048456391569739e-33,5.751347665000542366e-33,1.789320277920622130e-33
7.600000000000000000e+01,1.055034029123654326e-34,1.978770577294521731e-33,5.038557756101717959e-33,3.166475773789288151e-32
7.625000000000000000e+01,2.442040831220054981e-33,5.218711368219255836e-33,1.933321426354354845e-34,6.116143494265262509e-33
7.650000000000000000e+01,6.194498825393573105e-33,1.413943282537489071e-33,5.048172473336112655e-34,3.009137878674744101e-32
7.675000000000000000e+01,2.001150897253674324e-33,8.993266049950246836e-34,4.994288601689686871e-33,1.356515606408266738e-33
7.700000000000000000e+01,2.977956305792850678e-35,2.211610259166658882e-33,3.142866947860492308e-33,2.631178945169093460e-35
7.725000000000000000e+01,2.847582377355379918e-32,1.800206053612840095e-33,2.655093911937992360e-33,8.405340552117902748e-32
7.750000000000000000e+01,1.175253722826252841e-31,2.116085556159741964e-32,7.560171651702332194e-32,1.381115356246359824e-31
7.775000000000000000e+01,7.630530537498590553e-32,5.663232371852200041e-32,5.671268332478450559e-34,8.440098780618778796e-32
7.800000000000000000e+01,2.052577342650614949e-33,2.273757375423150518e-33,7.772251401373392598e-33,5.994443684264706603e-34
7.825000000000000000e+01,2.408340409758748789e-33,3.465427882454212691e-34,4.399449710889680825e-33,6.511805371672856087e-33
7.850000000000000000e+01,4.338238550366288234e-33,6.013269105693323356e-32,4.140285002217212850e-32,4.294869631107554829e-32
7.875000000000000000e+01,4.411891924038502878e-31,9.442626212867982323e-32,1.656200641133696640e-31,3.330923231135433468e-31
7.900000000000000000e+01,2.018193572400904712e-32,5.829161820467123666e-32,5.949436638575013142e-34,3.791113892366727024e-32
7.925000000000000000e+01,2.419582311431608990e-32,2.238469361156757402e-32,9.693691266594587654e-33,2.094014366460282887e-32
7.950000000000000000e+01,2.835583940157670261e-34,3.784641194737305781e-33,2.083279040158407559e-33,4.769542614686137659e-33
7.975000000000000000e+01,1.039038085656575584e-06,9.727673880724281951e-06,2.767321382106930727e-06,4.772548275760037938e-07
8.000000000000000000e+01,4.156152342625045340e-06,3.891069552289864569e-05,1.106928552842776526e-05,1.909019310304780893e-06
8.025000000000000000e+01,1.039038085656408719e-06,9.727673880724146426e-06,2.767321382107103098e-06,4.772548275760221109e-07
8.050000000000000000e+01,1.461764712946226957e-32,6.343149996105480350e-33,3.317450316972002823e-33,1.936544184707172092e-33
8.075000000000000000e+01,1.594603264294430022e-33,1.578911728667309732e-33,3.031228921158046917e-33,5.053615617092438361e-34
8.100000000000000000e+01,9.124445184384644286e-34,4.123013962019715923e-33,1.043033108655179632e-32,8.841107599844465788e-33
8.125000000000000000e+01,5.771293477297313589e-33,1.933641880739018193e-32,5.589619153073894717e-32,2.310296204611865135e-32
8.150000000000000000e+01,2.272751746513160296e-33,2.036494548025213407e-33,4.981751884736969175e-33,2.676526703594718590e-33
8.175000000000000000e+01,1.536292507166111868e-32,9.433868858177907922e-33,5.301425675614900986e-33,1.251256639703568342e-32
8.200000000000000000e+01,4.346810993045212414e-33,4.693092900852503707e-33,1.012548151954051668e-32,8.860914353265120279e-33
8.225000000000000000e+01,1.599230427987138125e-33,1.917562060123104411e-32,2.404115570116826042e-32,2.011727829001567783e-33
8.250000000000000000e+01,5.141419544550458324e-33,1.928798741112598609e-32,8.544811227825055819e-33,6.943627695992215527e-33
8.275000000000000000e+01,3.223703808260166186e-32,2.379566012881549145e-33,3.386861181992461190e-32,4.602429668845219085e-33
8.300000000000000000e+01,6.735405727945402629e-33,1.524855241240339747e-33,5.973351199353057349e-33,4.653713157349619675e-34
8.325000000000000000e+01,1.243569736203516784e-32,3.358251760302268955e-33,5.768945883119998840e-33,8.443771980810049008e-33
8.350000000000000000e+01,2.835363391150989385e-31,1.417949391925386621e-31,3.346869316337542204e-32,9.726984048241315923e-32
8.375000000000000000e+01,3.654715969570204443e-31,6.464372897436545358e-31,9.778471025667131019e-32,3.082423887494652119e-31
8.400000000000000000e+01,3.590201722908277915e-32,1.352042175068599597e-31,1.143479591347880691e-32,1.274565684716398861e-31
8.425000000000000000e+01,8.995765478374034111e-33,1.727132185956040581e-32,2.457080536253850040e-32,3.829227575536175346e-33
8.450000000000000000e+01,1.349466277822283733e-32,5.902596930023287720e-33,9.107785131895195627e-33,7.090260362088537404e-33
8.475000000000000000e+01,8.712077752939145047e-33,1.168097738795740432e-32,4.205648726624271693e-33,2.372861265713938631e-32
8.500000000000000000e+01,2.704442697684755053e-32,3.466366284236306525e-32,1.046298006749189112e-31,1.453985338672509478e-31
8.525000000000000000e+01,3.702460740509107029e-32,2.699784356737695175e-32,1.519776778393783920e-33,1.208246941164861358e-32
8.550000000000000000e+01,9.317705324151841246e-34,7.836127294439048658e-33,9.229344271916028683e-33,6.820267943883038350e-34
8.575000000000000000e+01,5.560304950045364791e-33,1.555365651546601700e-33,3.726192453592785845e-33,5.485265073023660103e-33
8.600000000000000000e+01,2.015250844777352866e-33,1.160716870233839636e-32,1.521506992167113047e-33,5.823223007415218354e-34
8.625000000000000000e+01,1.309780731741873057e-32,2.348305403414528566e-33,3.849015831231314748e-32,3.176109686101799444e-34
8.650000000000000000e+01,5.073086124388312948e-33,1.406455862946023953e-32,3.899190303742411443e-33,2.249625118636293723e-33
8.675000000000000000e+01,3.577069239492319741e-33,1.731333769811750203e-34,1.833051402453526942e-33,5.925190749131441507e-33
8.700000000000000000e+01,2.332274731422747962e-33,3.328939760343443080e-34,5.716596068539461840e-33,6.361349757582371289e-33
8.725000000000000000e+01,4.702836352075405836e-34,8.366178207814703403e-33,1.106972491288276143e-33,2.468483844840373581e-33
8.750000000000000000e+01,8.278585856777617678e-33,2.838387029728483464e-32,5.070176158688745221e-33,1.129043122555057211e-32
8.775000000000000000e+01,2.943599235449918571e-33,1.402550060686135853e-32,6.817702931727022215e-34,2.177254181785354194e-33
8.800000000000000000e+01,3.771332309672804789e-33,1.893669976723184867e-34,2.315005756435610711e-33,3.446772783689321196e-33
8.825000000000000000e+01,5.119147844918241983e-34,3.969984733184509917e-33,5.313277543403160044e-33,4.254717230384427994e-33
8.850000000000000000e+01,5.518206031443417891e-32,6.272487793714314693e-34,7.501791344157625020e-33,1.687291037988794036e-32
8.875000000000000000e+01,1.521259121119335508e-32,9.742748647792003836e-33,4.762757913596842798e-32,4.204193351003422209e-33
8.900000000000000000e+01,4.483945593812975194e-33,1.811932706943906885e-33,4.781974346891936963e-33,4.459549804186110505e-33
8.925000000000000000e+01,7.889684779682486447e-33,2.219407526716172999e-33,1.482397113582189555e-33,9.546664243805214734e-34
8.950000000000000000e+01,7.622860393142935119e-33,1.075302383587437818e-32,2.232649580512796469e-32,1.207994571802358830e-32
8.975000000000000000e+01,3.274877200636351780e-06,6.286960959541866936e-06,2.892116850955222501e-06,3.334420817466024632e-06
9.000000000000000000e+01,1.309950880254182078e-05,2.514784383816728478e-05,1.156846740382195557e-05,1.333768326986539957e-05
9.025000000000000000e+01,3.274877200635885065e-06,6.286960959541810184e-06,2.892116850955935703e-06,3.334420817465820497e-06
9.050000000000000000e+01,1.101579936650917610e-32,1.219775495946481741e-32,2.580244164399738730e-32,1.111943003783730976e-32
9.075000000000000000e+01,1.271924322495627920e-32,1.326077050570130859e-32,1.681838298236459655e-32,1.984216002184816666e-32
9.100000000000000000e+01,9.941030878615530673e-34,1.334361873743495343e-32,3.067390766770752132e-32,1.283582974125407325e-32
9.125000000000000000e+01,1.670467617041162076e-31,1.784020322141916170e-31,1.949851312955568883e-31,3.800447576917475328e-32
9.150000000000000000e+01,1.188363099132080837e-31,2.488831136608793627e-32,3.235452786913217827e-32,2.548289756673646396e-32
9.175000000000000000e+01,4.846191720540347241e-33,2.806370311748785865e-33,2.196675628288263508e-33,3.364575187614554312e-33
9.200000000000000000e+01,1.625959969910651493e-32,1.813980743197746605e-32,1.144610171731825028e-33,2.560268167940357166e-34
9.225000000000000000e+01,6.185140868012910811e-34,3.526249569057569743e-33,8.211009729893103034e-34,1.256100013802917718e-32
9.250000000000000000e+01,1.244459625239011811e-32,9.379099081447941713e-32,2.581667479902158397e-32,4.676716725999826155e-32
9.275000000000000000e+01,1.083947591007104687e-32,2.673132132873627959e-32,1.915188135928813645e-33,8.341571364813992810e-34
9.300000000000000000e+01,5.625695738257378266e-33,3.549086614631705597e-33,1.967878187709660680e-33,1.657501818162977680e-32
9.325000000000000000e+01,6.655530389288164425e-33,3.834128983951524326e-33,6.730245996036020834e-33,6.755728942310608974e-33
9.350000000000000000e+01,2.376643096360733439e-32,2.040893081327922265e-33,4.121641383833747179e-33,2.320499990457324258e-32
9.375000000000000000e+01,2.285849716209864812e-32,1.538955680546211440e-32,6.131020430626990429e-33,1.728442682099009358e-33
9.400000000000000000e+01,1.564525904946675480e-32,2.266907527257879619e-33,4.771546561463536916e-33,1.709655873223498745e-32
9.425000000000000000e+01,9.033143946244544855e-33,1.232710382787227447e-33,1.174335253711744927e-33,6.089108673408759357e-33
9.450000000000000000e+01,5.506800829784177338e-33,1.249257617024828388e-33,7.479207845369177509e-34,1.085445736260258214e-32
9.475000000000000000e+01,7.766341001674687210e-33,3.040109491847267016e-33,4.801236923562376202e-33,8.522954871777354952e-33
9.500000000000000000e+01,5.453282856867651109e-33,6.146289727328013108e-34,2.650869421587120379e-33,1.411048709987233401e-33
9.525000000000000000e+01,1.873131463820517180e-32,3.769894532114390576e-34,2.708312480736421848e-33,3.134725362584530742e-33
9.550000000000000000e+01,7.675826526107319442e-33,8.579270261432997926e-33,1.173020584739669413e-33,1.097641559190454540e-33
9.575000000000000000e+01,4.066112563032821623e-33,6.942599575236123078e-34,2.998943989005287158e-33,3.988436760742584537e-34
9.600000000000000000e+01,3.062674656966314174e-32,1.469100243368815462e-33,4.982089476494518667e-32,1.174113071012722758e-32
9.625000000000000000e+01,5.159195472741547646e-32,1.572358295541135389e-31,5.171624495173444245e-33,6.788397164425243520e-32
9.650000000000000000e+01,1.820528466312662103e-32,2.240016745267240451e-32,1.288925508042519687e-32,5.225671621107057310e-33
9.675000000000000000e+01,7.971593426999047879e-33,1.969207890258266582e-32,1.122712447075756218e-32,7.918798600078210131e-33
9.700000000000000000e+01,1.897975900569327748e-33,3.950016205007099223e-34,3.073099503306175501e-33,7.831836094387323688e-34
9.725000000000000000e+01,1.022363667234274250e-32,1.847207222297681039e-33,8.071240140974166479e-33,1.381806694155504208e-32
9.750000000000000000e+01,3.320121872256121177e-33,3.034884149637566761e-32,9.332816776803573360e-32,1.698686884649085640e-31
9.775000000000000000e+01,2.089794203561747909e-32,3.385779274111428558e-32,1.384489562174549630e-32,5.530287945559504550e-32
9.800000000000000000e+01,6.734214808288083305e-34,1.816028565747816092e-33,7.153245697513506188e-33,5.096391845450479346e-34
9.825000000000000000e+01,2.742401099901634235e-33,8.459026442078373440e-34,4.226763804185497825e-33,2.520462142328622378e-34
9.850000000000000000e+01,2.447224020027759456e-32,1.426187173117030181e-33,1.368058640454398207e-32,1.889344397915500402e-32
9.875000000000000000e+01,2.217257023064473503e-32,1.603959039762042821e-32,2.875510542917427858e-32,2.180968883456933023e-32
9.900000000000000000e+01,5.355112400077110608e-32,3.236693496228482621e-33,3.229291025186122988e-32,1.128374759831562679e-32
9.925000000000000000e+01,2.401519439823712363e-32,2.417554707951969877e-32,1.826726219292427493e-32,2.056826020011707909e-32
9.950000000000000000e+01,3.838953150211280673e-32,3.415942422232242963e-32,3.793416354706058984e-32,2.724942516736283457e-32
9.975000000000000000e+01,3.856151652659811541e-06,4.071047619012504126e-07,6.646489201679449087e-06,1.880023627443082773e-06
1.000000000000000000e+02,1.542460661063409282e-05,1.628419047604843043e-06,2.658595680671269043e-05,7.520094509770776787e-06
1.002500000000000000e+02,3.856151652658983143e-06,4.071047619020087718e-07,6.646489201675018258e-06,1.880023627444652537e-06
1.005000000000000000e+02,1.160280927413283585e-31,8.858759997200299315e-32,7.042348237201257146e-32,7.338864541208281867e-32
1.007500000000000000e+02,4.766726997137757244e-32,4.321350239885133564e-32,6.652073350161988711e-32,5.005622894660757179e-32
1.010000000000000000e+02,2.854022231975078667e-33,3.675782721003873341e-32,2.469414194094063842e-32,3.475125398828624415e-32
1.012500000000000000e+02,4.536431239113041695e-32,4.591296178604608909e-32,9.234897949404862773e-32,1.275189533761390417e-32
1.015000000000000000e+02,6.306963490540076197e-33,7.001315136845240762e-33,2.498638267849620312e-34,1.571703181813540473e-32
1.017500000000000000e+02,1.555749883375207621e-32,9.609001644586989481e-33,1.529714313615892768e-32,2.177958879655497403e-32
1.020000000000000000e+02,2.456460129326071138e-33,1.165004946379280767e-32,2.194011109101613221e-33,2.415075884955991152e-32
1.022500000000000000e+02,5.758163613477599448e-33,3.330176486977889634e-32,7.716286111147114102e-32,5.700495435977398515e-32
1.025000000000000000e+02,1.171567630895609905e-32,9.427824063512711006e-32,5.067317840263134334e-32,1.267508058447674503e-31
1.027500000000000000e+02,2.163968603153447767e-32,1.191193587895075868e-32,9.905587606384119400e-33,4.055692423638074612e-33
1.030000000000000000e+02,6.524520837935174352e-33,1.351328552678119367e-33,4.699917163237328413e-33,8.436969018771357237e-34
1.032500000000000000e+02,9.084483266328044858e-35,4.117376028729340153e-35,3.989707723416666670e-34,7.325270832768062445e-33
1.035000000000000000e+02,1.275343638410501451e-31,1.492067115665957696e-31,1.563807199874719288e-32,1.812853808311560930e-31
1.037500000000000000e+02,1.318864728740543814e-31,5.998970339284023948e-31,2.681610644762216994e-32,9.159493651590100067e-31
1.040000000000000000e+02,8.847043126090303252e-32,4.752461688343450387e-32,2.289913170371449738e-31,1.524908667332567122e-31
1.042500000000000000e+02,6.713136736234866574e-34,7.332332664621412069e-33,5.810677890406616581e-33,8.999909292939154309e-35
1.045000000000000000e+02,2.072240293641330789e-32,1.741319112657761207e-33,4.106758917498886448e-33,9.930254628729101974e-33
1.047500000000000000e+02,2.603468986611743436e-32,3.949405428338312712e-33,5.420079509860637859e-33,1.571074616921641412e-32
1.050000000000000000e+02,1.780499987220888661e-33,1.165112126976331945e-32,1.787932054439681798e-32,9.374775675942578073e-34
1.052500000000000000e+02,1.144931340979974474e-32,4.183047828235732087e-33,1.099404344790483388e-33,6.960413858022095902e-33
1.055000000000000000e+02,5.868503127371537244e-33,3.778791298028106097e-34,4.821809853531920162e-34,7.122660649688694673e-33
1.057500000000000000e+02,2.182003040494460511e-33,8.391985795417323512e-33,1.009826992357134460e-32,1.592183309608083522e-33
1.060000000000000000e+02,9.666684785294327587e-34,5.156238903849973245e-33,3.906548366070548401e-33,3.186959599961589210e-33
1.062500000000000000e+02,3.943108826110297941e-33,1.018982675095522496e-32,3.787977065554769772e-33,7.554707942209674785e-33
1.065000000000000000e+02,1.496352286171616968e-32,3.288250009702376047e-33,5.368648960098018961e-33,9.719746581659204458e-33
1.067500000000000000e+02,1.086187069656948410e-32,3.945643308027063206e-33,6.147507137928760971e-33,5.203681839016011649e-33
1.070000000000000000e+02,2.619160541289704784e-33,8.098343574039381646e-34,2.474715684688969225e-33,3.693448142572142895e-33
1.072500000000000000e+02,4.660089959640161958e-33,1.261545769568293425e-32,1.031336215779090049e-33,6.797858121742469974e-34
1.075000000000000000e+02,4.103356188300608426e-33,1.714175954035197687e-33,9.385632366553795971e-33,3.958826225919019240e-32
1.077500000000000000e+02,1.005871343760372837e-32,6.885719605675193157e-33,4.746782201831444762e-33,1.034123004699590275e-32
1.080000000000000000e+02,2.660723937640602646e-33,5.895788478516028605e-34,5.960370807774699678e-33,2.641407312111170158e-33
1.082500000000000000e+02,1.825560986585867645e-34,2.886999449258862142e-33,2.098760597550607375e-34,7.553360996642487376e-33
1.085000000000000000e+02,1.406060602916151755e-31,2.144993250054310185e-32,9.077276311852996425e-33,1.005566202826358387e-32
1.087500000000000000e+02,2.506276282255864120e-31,3.437373842077934918e-32,2.077282297187666979e-31,5.919148750107933273e-32
1.090000000000000000e+02,1.666867010775230382e-33,3.783329986836630732e-32,1.497323710341846996e-31,2.087077060115446802e-32
1.092500000000000000e+02,1.924839772297929029e-34,8.067366344313619085e-34,6.909656682443475388e-33,6.831513904011706634e-33
1.095000000000000000e+02,9.048887283782375121e-33,2.119116743673195137e-32,1.752320559336275046e-32,1.131019742778123803e-32
1.097500000000000000e+02,5.968148001098468888e-06,1.719906572436959475e-06,1.032462703780048715e-06,5.243493683021541659e-07
1.100000000000000000e+02,2.387259200439323181e-05,6.879626289748832315e-06,4.129850815119215689e-06,2.097397473207400748e-06
1.102500000000000000e+02,5.968148001097777709e-06,1.719906572436600544e-06,1.032462703780104196e-06,5.243493683020938148e-07
1.105000000000000000e+02,3.962955850952236288e-33,3.741047159460529279e-33,7.831391491164642262e-33,7.444364221310446712e-33
1.107500000000000000e+02,9.003505640184322085e-33,4.278369044645254269e-33,1.784124477161952713e-33,4.641484092281289295e-33
1.110000000000000000e+02,4.968793721975691949e-33,3.313111558150201180e-33,8.702603657361958229e-33,2.216481939719916481e-32
1.112500000000000000e+02,2.419206029608231814e-32,2.029655848696544742e-33,1.250841545093916055e-33,3.581244910767546139e-33
1.115000000000000000e+02,1.647432782572714754e-32,1.389400364309240774e-32,5.335634952645792229e-33,5.313879786186197526e-33
1.117500000000000000e+02,3.679811965748094802e-33,1.293988699066051312e-33,1.836290931583009217e-33,1.203230279340748347e-32
1.120000000000000000e+02,1.403088899025667385e-32,9.902452126598822068e-33,1.033485166767351040e-32,1.854218079640808111e-32
1.122500000000000000e+02,1.318065387887548645e-32,1.254452787064535537e-32,7.375374116746013047e-33,7.180886232847848524e-33
1.125000000000000000e+02,8.165254836651824665e-33,2.582100090643228985e-32,2.793858775105721198e-32,1.115252109508221216e-34
1.127500000000000000e+02,4.164975060652355601e-32,1.077332571081480567e-32,1.689964480873816374e-32,2.102892484550995573e-33
1.130000000000000000e+02,3.719427232448926689e-32,1.711864617562383067e-32,1.617888559415783367e-32,3.636745751116689182e-32
1.132500000000000000e+02,8.877706167724094805e-33,2.292246853814649423e-33,5.981120318305374455e-33,1.741825099617184344e-32
1.135000000000000000e+02,3.854596437840050117e-32,2.476868145787530105e-32,1.327318587379073326e-32,1.356390145057965572e-32
1.137500000000000000e+02,1.295179204502872152e-32,4.208722183758388187e-32,2.418936100434649999e-32,2.492339986012172373e-32
1.140000000000000000e+02,1.675685584507167781e-32,1.653939326522342034e-34,3.204899531791482620e-33,1.026551280912235944e-33
1.142500000000000000e+02,9.671652805036507710e-33,5.419368224176173290e-34,2.144190654567348976e-33,5.048945129438650997e-33
1.145000000000000000e+02,7.777867793334740659e-35,1.904933400704745826e-33,1.149379533780127923e-32,1.987579777607331583e-33
1.147500000000000000e+02,4.334823434983149592e-31,3.811531822963502433e-31,5.605193857299268284e-33,2.242077542919707313e-32
1.150000000000000000e+02,5.064878009632759848e-32,1.524612729185400973e-30,1.793662034335765851e-30,1.434929627468612681e-30
1.152500000000000000e+02,3.587346833905136860e-31,1.440534821325911949e-30,5.605193857299268284e-33,5.605193857299268284e-31
1.155000000000000000e+02,7.746000482270288306e-33,4.650606322532898262e-33,5.570452353842842162e-33,2.022120795331091256e-33
1.157500000000000000e+02,9.913296256791665393e-33,6.988665590076919060e-33,8.962941986505482334e-33,8.986579680963815820e-33
1.160000000000000000e+02,6.163536671046411787e-32,1.063310601637120861e-32,1.616876631203037376e-32,3.803145681475623277e-32
1.162500000000000000e+02,1.882501953666278247e-32,1.401612582810142187e-31,2.052502005395789712e-32,2.404096912170759968e-32
1.165000000000000000e+02,4.920387905925349082e-32,2.312256882120050509e-32,3.311551277486495226e-32,7.374264397085593132e-33
1.167500000000000000e+02,6.266154273208926461e-33,8.044063276617579312e-33,1.336058945470827000e-32,7.968667082919105077e-33
1.170000000000000000e+02,9.966789063587313939e-33,6.203075469549831387e-33,7.429471088028962869e-33,1.206674471162711189e-32
1.172500000000000000e+02,1.369782460435588678e-32,1.815107732865939003e-33,1.032498988976073019e-32,1.898254075165563901e-33
1.175000000000000000e+02,4.342481255829160101e-33,1.743426941927518715e-32,3.435011630737760595e-33,7.941373121398757940e-33
1.177500000000000000e+02,1.626684593204712792e-33,2.067905483510238819e-33,1.000263561426219510e-32,1.950962913451295080e-32
1.180000000000000000e+02,1.503497670888206219e-32,4.962778073202208294e-33,2.494600939924404388e-32,6.719097567229593878e-33
1.182500000000000000e+02,4.204984906509307744e-33,1.781168181014781683e-33,2.569339062208653350e-33,9.574936265196417052e-33
1.185000000000000000e+02,4.613427658209685142e-32,4.851460636063615656e-33,1.797552223100432438e-33,6.236825426939266484e-32
1.187500000000000000e+02,5.570402976588480824e-34,1.844212064026753701e-33,9.869694133357037704e-34,7.185511896595548695e-33
1.190000000000000000e+02,9.155336161334934548e-32,8.260816520957288333e-33,1.155740984623856385e-32,6.381867576647598784e-32
1.192500000000000000e+02,6.721348119128314253e-33,1.439937514318116172e-33,8.842211911375022138e-34,3.932069318131035927e-33
1.195000000000000000e+02,9.873816607765665931e-32,4.282902143061521855e-32,4.828079143307528517e-32,6.418790994876204937e-32
1.197500000000000000e+02,7.328648893641042823e-06,3.627819632114005425e-06,5.651860427379022244e-08,8.920962974090211080e-06
1.200000000000000000e+02,2.931459557457017506e-05,1.451127852846300972e-05,2.260744170949114915e-07,3.568385189635158794e-05
1.202500000000000000e+02,7.328648893642597975e-06,3.627819632116810374e-06,5.651860427387078983e-08,8.920962974085223750e-06
1.205000000000000000e+02,6.388848440286595592e-32,4.974254889703156276e-32,4.082686400341492574e-32,8.197948369296471312e-32
1.207500000000000000e+02,5.657898238276710300e-32,6.505802262754823207e-32,5.885605101447482879e-32,5.137230141563707024e-32
1.210000000000000000e+02,1.165432255742049549e-32,7.365757358181441021e-33,1.120134188693891917e-32,5.119071999119644734e-32
1.212500000000000000e+02,1.641982380723143780e-31,9.821286176097451024e-32,1.335888106205091584e-31,2.119246670886708813e-31
1.215000000000000000e+02,4.645670130693293091e-32,2.426542962972946059e-32,1.088548350692225037e-32,5.708049116205012017e-32
1.217500000000000000e+02,1.461445128095694047e-32,1.090782692154273874e-33,6.492254961076167366e-33,1.925834923897273475e-32
1.220000000000000000e+02,2.874341121852725735e-33,1.391805657204678620e-32,3.285551811194733077e-33,1.458650823608082887e-32
1.222500000000000000e+02,5.920104556484329909e-33,7.799712268463702343e-32,1.296559183324661786e-31,1.395472529322562222e-31
1.225000000000000000e+02,4.762596013759345164e-32,3.763299415218648873e-32,1.199707564106937683e-32,5.128428282068572268e-32
1.227500000000000000e+02,1.475202898917490200e-32,2.264092440489629643e-32,7.678115700128268388e-34,4.887699026365808257e-32
1.230000000000000000e+02,2.161592601978570825e-33,2.919266687944155983e-33,3.663024898843960290e-33,2.285411666580898678e-33
1.232500000000000000e+02,3.330812131359333911e-33,4.706734221886595746e-33,6.812773705539196772e-34,4.973395330069053472e-33
1.235000000000000000e+02,2.903780881214273955e-33,8.763974158127166967e-33,2.884644732291454450e-32,3.391076608742449773e-33
1.237500000000000000e+02,1.078162830050649593e-32,8.885562693738653250e-33,1.585332634663637811e-32,2.251584316855407107e-32
1.240000000000000000e+02,6.534115614760437025e-33,2.591344212723452076e-32,1.987274097842728042e-32,6.609774560753608180e-33
1.242500000000000000e+02,2.207549286997379599e-32,1.865699014317748282e-32,3.348864038159007630e-33,3.059200148330449146e-33
1.245000000000000000e+02,2.987125415271078470e-33,1.013673811761721193e-33,1.064125727984723558e-33,5.942733897555340721e-34
1.247500000000000000e+02,1.589149472265355391e-32,4.918925574377278767e-33,2.651480174931473219e-33,5.499980155287429566e-33
1.250000000000000000e+02,2.630171531672166416e-33,1.121038771459853657e-32,5.754355510240093538e-34,4.107077164116071518e-32
